,rel_mean,rel_mean,rel_mean,rel_max,rel_max,rel_max,rel_fin,rel_fin,rel_fin,abs_fin,abs_fin,abs_fin,mse_fin,mse_fin,mse_fin,rel_mean,rel_max,rel_fin,abs_fin,mse_fin
,mean,std,count,mean,std,count,mean,std,count,mean,std,count,mean,std,count,se,se,se,se,se
method,,,,,,,,,,,,,,,,,,,,
vanilla,0.10954316029697657,0.04986905373781597,1000,0.16739310979470612,0.06806257530422405,1000,0.137448497293517,0.05776217377915794,1000,6.245156384348869,3.3461087862077266,1000,0.04901096258219331,0.060787271931493386,1000,0.0015769979456883186,0.0021523276137807574,0.001826600317445949,0.10581325063117826,0.0019222623205154192
stiefel,0.12813878283649682,0.05807628786620111,1000,0.19488805830851197,0.08293947161085712,1000,0.15460033692419528,0.06546930083499702,1000,6.967472538471222,3.5450335368243855,1000,0.05966832940862514,0.06724231211503323,1000,0.001836533477047957,0.0026227763822118297,0.0020703210745735413,0.11210380358047452,0.0021263886141943914
curvature,0.14023934222012757,0.06263245091674378,1000,0.20560305634886025,0.08641849075692623,1000,0.16892289811745287,0.07029939850295415,1000,7.682540465831757,3.9874944362297753,1000,0.07315003883000464,0.08484124584367111,1000,0.001980612003356114,0.0027327926274609542,0.0022230621740916634,0.12609564575735124,0.0026829157639229454
operator_norm,0.14232115848362445,0.060114299469365175,1000,0.2119635701701045,0.08307174644932507,1000,0.17814858432114125,0.0683558442287295,1000,8.0854113175869,3.950947792877321,1000,0.07907056120363995,0.08438352265398559,1000,0.0019009810626864536,0.0026269592798787256,0.0021616015914646095,0.12493993941907518,0.00266844128575011
stoch_iso,0.15359784561395645,0.058767392065072976,1000,0.2274569727256894,0.07682398125024512,1000,0.19235620943456888,0.0709526043628285,1000,8.716676692843437,4.1054638219379385,1000,0.09064299866813234,0.09256093349738247,1000,0.0018583881107373675,0.0024293875967284456,0.002243718357073381,0.12982616528743837,0.002927033722031036
