,rel_mean,rel_mean,rel_mean,rel_max,rel_max,rel_max,rel_fin,rel_fin,rel_fin,abs_fin,abs_fin,abs_fin,mse_fin,mse_fin,mse_fin,rel_mean,rel_max,rel_fin,abs_fin,mse_fin
,mean,std,count,mean,std,count,mean,std,count,mean,std,count,mean,std,count,se,se,se,se,se
method,,,,,,,,,,,,,,,,,,,,
stiefel,0.10870471910387278,0.0461806536671091,1000,0.1620976636186242,0.07141891926518457,1000,0.12404149220883846,0.05682587107429293,1000,5.798312217473984,3.6729676588254594,1000,0.04599377484223805,0.0648302557632213,1000,0.0014603604942347206,0.0022584645290566223,0.0017969918261784505,0.11614943574024704,0.0020501126950303703
vanilla,0.12471358576416969,0.05705411281175056,1000,0.18141524586454033,0.0840857555423366,1000,0.14872711469605565,0.07336436719318816,1000,6.932478064894676,4.592426959482374,1000,0.06750834711128846,0.1020212875314098,1000,0.0018042094636532531,0.0026590250628991054,0.0023199849942740886,0.14522529179926108,0.00322619638422192
stoch_iso,0.13007864773087202,0.05960983219830485,1000,0.18692859949171542,0.08232659798317615,1000,0.1496745307762176,0.07114707101906849,1000,6.929861335515976,4.298865158857975,1000,0.06492650322936243,0.08826477544535181,1000,0.0018850284068708519,0.002603395616398611,0.002249867932700134,0.13594205255932765,0.0027911772757061456
operator_norm,0.13316618110239506,0.061770047290777376,1000,0.189750663343817,0.08894762834756431,1000,0.15937404223158955,0.08326801643885612,1000,7.350319414615631,4.849531807488506,1000,0.07570472277887165,0.11433440019683806,1000,0.001953340406151696,0.0028127709804846228,0.002633165881911281,0.15335566097096884,0.0036155711953121217
curvature,0.1453081841133535,0.06581362758999988,1000,0.20489166268333792,0.09248508815117838,1000,0.17176641231402756,0.08891507165370996,1000,7.868508488535881,4.914882273787615,1000,0.08402864980790764,0.12010282846771779,1000,0.0020812096426249794,0.002924635281591747,0.0028117414474279775,0.15542222416756143,0.0037979849138649884
