,rel_mean,rel_mean,rel_mean,rel_max,rel_max,rel_max,rel_fin,rel_fin,rel_fin,abs_fin,abs_fin,abs_fin,mse_fin,mse_fin,mse_fin,rel_mean,rel_max,rel_fin,abs_fin,mse_fin
,mean,std,count,mean,std,count,mean,std,count,mean,std,count,mean,std,count,se,se,se,se,se
method,,,,,,,,,,,,,,,,,,,,
stiefel,0.12591307557746767,0.055212211588523755,1000,0.18520796917006374,0.07581988619361231,1000,0.1536653995476663,0.06569371941868754,1000,7.067835172891617,3.9922267730303167,1000,0.06433225685264915,0.08081613155777273,1000,0.0017459634327487838,0.0023976353230656913,0.0020774178133108525,0.1262452953867987,0.0025556304740637346
vanilla,0.12922620494291187,0.05176141647682859,1000,0.1928669296503067,0.07219552613631762,1000,0.16052904837578535,0.0647363301382605,1000,7.403138241291046,4.099898110618076,1000,0.06992071366263554,0.08698068448588245,1000,0.0016368397098334652,0.0022830229946497957,0.0020471425059750614,0.1296501620417409,0.002750570754158604
operator_norm,0.1652202772013843,0.0581868696939411,1000,0.25154052667319776,0.08032429513297952,1000,0.20987256322801112,0.06586204889989472,1000,9.481699948072434,4.030401359290283,1000,0.10364309076499194,0.10113211328817612,1000,0.0018400303814827845,0.002540077240677928,0.0020827408588905446,0.12745248179995933,0.0031980782257681702
stoch_iso,0.18690932058915496,0.06249274718299612,1000,0.28514372555166484,0.08629718144545999,1000,0.25165817883238195,0.0908861813150104,1000,11.291271374225616,4.919703746701456,1000,0.14811727573536337,0.13299009833225425,1000,0.0019761941833933904,0.002728956490204753,0.0028740734079047018,0.15557469252840692,0.004205516169796837
curvature,0.1935653799287975,0.05694436427000083,1000,0.29559436996281147,0.07696192891913972,1000,0.2604349683150649,0.07900474168904896,1000,11.737782114505768,4.704185697060796,1000,0.15613551056478173,0.13281825670415756,1000,0.0018007389100351409,0.002433749885044623,0.0024983492969065297,0.1487594133909897,0.004200082060380666
