,rel_mean,rel_mean,rel_mean,rel_max,rel_max,rel_max,rel_fin,rel_fin,rel_fin,abs_fin,abs_fin,abs_fin,mse_fin,mse_fin,mse_fin,rel_mean,rel_max,rel_fin,abs_fin,mse_fin
,mean,std,count,mean,std,count,mean,std,count,mean,std,count,mean,std,count,se,se,se,se,se
method,,,,,,,,,,,,,,,,,,,,
stiefel,0.12580048006772995,0.05302220347979704,1000,0.1857985150143504,0.0721792216004302,1000,0.14820055690594017,0.062024654624198435,1000,6.80833335006237,3.6943550097971247,1000,0.05858204463426955,0.06974048348728688,1000,0.0016767092955706428,0.0022825073999538335,0.001961391796977621,0.11682576316212583,0.0022053877294118908
vanilla,0.13076846992596983,0.05586365451933099,1000,0.19713962374255062,0.080217321661405,1000,0.16496611355245114,0.06842368031381953,1000,7.543000262498856,3.975167044431284,1000,0.07097949603432789,0.08229554628715319,1000,0.0017665638670184471,0.0025366944424840203,0.0021637467568289444,0.12570581940042613,0.0026024136755521733
operator_norm,0.1387155012562871,0.07016734543794088,1000,0.20123825979605317,0.0957911903251257,1000,0.15977446593530475,0.07836908179538214,1000,7.4041926771402355,4.660563539985632,1000,0.07472773529181723,0.10645589144293721,1000,0.0022188862895171813,0.0030291834120608242,0.002478247966094454,0.14737995966291823,0.0033664308730331047
stoch_iso,0.13990986917726694,0.06824152579698643,1000,0.1988170214109123,0.09211538223029317,1000,0.1591080025471747,0.07954770933915771,1000,7.313736171603203,4.4606973314920735,1000,0.07164908182201907,0.09132738700040148,1000,0.0021579865252361434,0.002912944153847274,0.00251551944160786,0.1410596352015009,0.0028880255567292168
curvature,0.1412444514632225,0.07523039245242756,1000,0.20212603296339512,0.10355838091017866,1000,0.1589859499745071,0.07572412944794536,1000,7.318042967677116,4.366043212263689,1000,0.07089553056494333,0.09290806091908482,1000,0.002378993894180115,0.0032748035447546556,0.0023946072288893614,0.13806640913471252,0.002938010854939848
