,rel_mean,rel_mean,rel_mean,rel_max,rel_max,rel_max,rel_fin,rel_fin,rel_fin,abs_fin,abs_fin,abs_fin,mse_fin,mse_fin,mse_fin,rel_mean,rel_max,rel_fin,abs_fin,mse_fin
,mean,std,count,mean,std,count,mean,std,count,mean,std,count,mean,std,count,se,se,se,se,se
method,,,,,,,,,,,,,,,,,,,,
stiefel,0.11086155407875777,0.06065638487697256,1000,0.16572647511959077,0.09191491151572144,1000,0.13151096251606942,0.07419000130224399,1000,6.128532450556755,4.328037339190547,1000,0.054953208248014564,0.08689234653463113,1000,0.0019181233084302545,0.002906604713225192,0.0023460938372594914,0.1368645579009686,0.002747777262860733
vanilla,0.11539431877806783,0.06675068859709718,1000,0.17837713072448969,0.10353799354705384,1000,0.14095038299821316,0.09095082618831328,1000,6.636120839238167,5.442931937933027,1000,0.07190818609192502,0.15547600811135295,1000,0.0021108421135145657,0.0032741588397250617,0.0028761176582916027,0.17212062073142595,0.004916583071426892
curvature,0.12470547414384782,0.062424655062501076,1000,0.18115312597155572,0.08950393345014522,1000,0.1396805218420923,0.07178611775979345,1000,6.502287199854851,4.2515273500072475,1000,0.058922996622044595,0.08347325845124974,1000,0.001974040921478641,0.0028303628924659157,0.0022700763650201137,0.13444509960522788,0.0026396562042184843
operator_norm,0.12525180366635322,0.06869442631117513,1000,0.18685830496996642,0.10825790043455412,1000,0.14542373170889913,0.08676610298140883,1000,6.765991706848144,4.97171836647834,1000,0.06882022402464645,0.11675356502247815,1000,0.0021723084970191207,0.0034234154008092317,0.0027437850911797815,0.15721953922963283,0.0036920719041559896
stoch_iso,0.1291950542666018,0.058804824215693295,1000,0.18930913155525922,0.0852660410509762,1000,0.15051346302218735,0.07002668905693948,1000,6.906093047499657,3.98857013586184,1000,0.06209658632008359,0.07684386017703802,1000,0.0018595718192741546,0.00269634896786502,0.0022144383442031725,0.12612966236650655,0.002430016223589499
