,rel_mean,rel_mean,rel_mean,rel_max,rel_max,rel_max,rel_fin,rel_fin,rel_fin,abs_fin,abs_fin,abs_fin,mse_fin,mse_fin,mse_fin,rel_mean,rel_max,rel_fin,abs_fin,mse_fin
,mean,std,count,mean,std,count,mean,std,count,mean,std,count,mean,std,count,se,se,se,se,se
method,,,,,,,,,,,,,,,,,,,,
stiefel,0.10543689236044884,0.048962257120113976,1000,0.15922744988277554,0.07206141813030521,1000,0.12158116972632706,0.056985858242189845,1000,5.649217111468315,3.544702660599755,1000,0.04342383386101574,0.06066362842147121,1000,0.001548322518823566,0.002278782127135168,0.0018020510646479906,0.11209334035554022,0.0019183523694197397
vanilla,0.12144247667491435,0.0500354846068588,1000,0.18234101206809283,0.06997058951114207,1000,0.15077998597919942,0.06340943288102417,1000,6.8716616204977035,3.7252687873553603,1000,0.05965183919179253,0.07208553779910293,1000,0.001582260951879684,0.002212664320798965,0.0020051823304360903,0.11780334264376405,0.0022795448580332648
curvature,0.14539491726830603,0.06809326133194663,1000,0.21256552877649665,0.09373895386982298,1000,0.16763655480369927,0.07276415587145582,1000,7.767410633921624,4.554529432585029,1000,0.07915592029702384,0.10466943722474054,1000,0.0021532979911802214,0.0029642859971009544,0.0023010046457331455,0.14402686677243,0.003309938230381936
stoch_iso,0.1598998276926577,0.07697268411419758,1000,0.23147678735107183,0.10042971617405555,1000,0.1880440467633307,0.08441342525769885,1000,8.546299188256263,4.652680156855328,1000,0.09244630353781394,0.10752006870878322,1000,0.002434089994175245,0.003175866478742668,0.002669386889107143,0.14713066519932316,0.0034000831129755438
operator_norm,0.16950095804408194,0.07626456715218391,1000,0.24347007136791946,0.10022268047636101,1000,0.19768757446482776,0.08468810500660134,1000,8.945381012320519,4.565751090479342,1000,0.09848152172053233,0.10783362500551277,1000,0.002411697369677624,0.0031693194351259005,0.002678073025443693,0.1443817267531224,0.0034099986336990737
