,rel_mean,rel_mean,rel_mean,rel_max,rel_max,rel_max,rel_fin,rel_fin,rel_fin,abs_fin,abs_fin,abs_fin,mse_fin,mse_fin,mse_fin,rel_mean,rel_max,rel_fin,abs_fin,mse_fin
,mean,std,count,mean,std,count,mean,std,count,mean,std,count,mean,std,count,se,se,se,se,se
method,,,,,,,,,,,,,,,,,,,,
vanilla,0.07967854256182909,0.04225345211940354,1000,0.11881828827410937,0.06505262887853072,1000,0.10886597884260119,0.06480282592055785,1000,5.005027345240116,3.578520101139673,1000,0.03695634663838428,0.05841998389959705,1000,0.0013361714770218408,0.002057144750378021,0.0020492452872436047,0.11316274172297477,0.0018474020999309216
stiefel,0.08094087864272297,0.042118751128245854,1000,0.11837986002862454,0.06301842640321516,1000,0.10849733388051391,0.062130634330824275,1000,5.014464264810085,3.5387780593215967,1000,0.03677273343119305,0.05644268796431393,1000,0.0013319118576704358,0.0019928176199385246,0.0019647431695645617,0.11190598801286697,0.001784874512294046
curvature,0.09590847746655345,0.04798557870729771,1000,0.14032133423164486,0.07246385614449959,1000,0.13012916951812803,0.07018082485986894,1000,5.961508623421192,3.8627829935125964,1000,0.049263433869171425,0.0665947486940878,1000,0.00151743723556339,0.002291508334554062,0.002219312546265532,0.12215192366463222,0.002105910860798412
stoch_iso,0.10162542713619768,0.050833628532311596,1000,0.147605526663363,0.07663395871110995,1000,0.13435833785124124,0.0725086643289506,1000,6.145467536866665,3.914538762850071,1000,0.05183111451478908,0.06830842567991006,1000,0.001607500478930269,0.00242337855642409,0.0022929252937608836,0.12378858479623946,0.0021601020852885164
operator_norm,0.10191343332268298,0.05024820573832779,1000,0.1496380479969084,0.07658829203801638,1000,0.1388972235843539,0.07274745151414325,1000,6.36153527033329,3.970054458219809,1000,0.054897169772419145,0.07029449996049163,1000,0.0015889877846985854,0.0024219344494227097,0.0023004764075735752,0.1255441452288038,0.002222907268577697
