,rel_mean,rel_mean,rel_mean,rel_max,rel_max,rel_max,rel_fin,rel_fin,rel_fin,abs_fin,abs_fin,abs_fin,mse_fin,mse_fin,mse_fin,rel_mean,rel_max,rel_fin,abs_fin,mse_fin
,mean,std,count,mean,std,count,mean,std,count,mean,std,count,mean,std,count,se,se,se,se,se
method,,,,,,,,,,,,,,,,,,,,
stiefel,0.10483419119380415,0.052073446035937686,1000,0.15890042047947645,0.07594100174003593,1000,0.1251710627824068,0.05784967292251472,1000,5.7754684026241305,3.5315392522468887,1000,0.04474153615429532,0.06221510225259391,1000,0.001646706950874294,0.0024014653329332363,0.001829367283309159,0.1116770768338808,0.0019674142797846913
vanilla,0.11046097316779196,0.05299445828021494,1000,0.16709970229119062,0.0736655769195873,1000,0.13692214278690518,0.06285608302724159,1000,6.276512151122093,3.656772245254955,1000,0.051516812341986226,0.06621767900600385,1000,0.001675831915322489,0.002329510082162263,0.0019876838716273494,0.11563729179493511,0.002093986870288867
stoch_iso,0.1308199868388474,0.05768322525314156,1000,0.19043869696557522,0.07996205138942745,1000,0.14967872945033014,0.06494596873086514,1000,6.925668708562851,4.058066575612728,1000,0.06290656578203198,0.08098060427193642,1000,0.0018241037458447008,0.0025286220877002237,0.0020537718603560896,0.12832733275536126,0.0025608315579608056
curvature,0.1343497291430831,0.059271271430796184,1000,0.19407188963517547,0.07924589275701542,1000,0.1604190868139267,0.06635777817328116,1000,7.398189154982567,4.0937816422352045,1000,0.06980028541106731,0.08424447190522476,1000,0.0018743221753538307,0.0025059751632560906,0.002098417194957759,0.1294567423284781,0.002664044114985749
operator_norm,0.13539909237623216,0.05963628556342388,1000,0.19520272470265626,0.08024847133379097,1000,0.15778584871068596,0.06822574778533515,1000,7.3350472880601885,4.388291671034432,1000,0.07132887246389873,0.09693473779417279,1000,0.0018858649357263737,0.0025376794816150978,0.0021574875806984763,0.13876996717615153,0.003065345558207921
