,rel_mean,rel_mean,rel_mean,rel_max,rel_max,rel_max,rel_fin,rel_fin,rel_fin,abs_fin,abs_fin,abs_fin,mse_fin,mse_fin,mse_fin,rel_mean,rel_max,rel_fin,abs_fin,mse_fin
,mean,std,count,mean,std,count,mean,std,count,mean,std,count,mean,std,count,se,se,se,se,se
method,,,,,,,,,,,,,,,,,,,,
stiefel,0.11544538212567568,0.05083100046688598,1000,0.1792388284355402,0.07381324403648902,1000,0.1440210654847324,0.06422311006999022,1000,6.641081254959106,3.988350306776419,1000,0.058588858597213404,0.08195674579086355,1000,0.0016074173722044202,0.002334179726411461,0.0020309130624086495,0.12612271076044773,0.002591699863145467
vanilla,0.1184181966893375,0.04899054520380942,1000,0.18233242301642894,0.07066534405729966,1000,0.14959439641982317,0.06459742953123279,1000,6.867009279370308,3.895214901987532,1000,0.0608528739309404,0.07868030518680198,1000,0.0015492170665747566,0.0022346343886051104,0.002042750083109186,0.12317751066110136,0.0024880897138745417
curvature,0.13357082369178533,0.06295047436188655,1000,0.19356831505894662,0.08684526059370201,1000,0.15432408820651472,0.07088132962351246,1000,7.099880191922188,4.20000410117962,1000,0.06643622409831733,0.08504707365838576,1000,0.0019906687877159616,0.0027462882746696515,0.002241464451914646,0.13281579141775887,0.0026894246109260794
operator_norm,0.14712398041412234,0.06861885184488253,1000,0.2154101065993309,0.09552834219926666,1000,0.1702719439920038,0.06993543538220973,1000,7.768504972219467,4.093219811979985,1000,0.07528062827559188,0.08892819409542979,1000,0.002169918622554758,0.0030208714244966124,0.0022115526496331106,0.1294389756958292,0.002812156415470952
stoch_iso,0.15171074799448253,0.06594010261766006,1000,0.2231280701123178,0.08524209621926541,1000,0.1859440957866609,0.0698535490303321,1000,8.447974341511726,4.148169641054548,1000,0.08648278747545556,0.09813216247383368,1000,0.002085209134170369,0.002695591765801065,0.0022089631758209576,0.13117664186495484,0.00310321145135018
