,rel_mean,rel_mean,rel_mean,rel_max,rel_max,rel_max,rel_fin,rel_fin,rel_fin,abs_fin,abs_fin,abs_fin,mse_fin,mse_fin,mse_fin,rel_mean,rel_max,rel_fin,abs_fin,mse_fin
,mean,std,count,mean,std,count,mean,std,count,mean,std,count,mean,std,count,se,se,se,se,se
method,,,,,,,,,,,,,,,,,,,,
stiefel,0.10002118832245468,0.04531926306011922,1000,0.14592569379881024,0.06710949795930712,1000,0.11957951104082166,0.06060611714277966,1000,5.4667203379869465,3.526226010343726,1000,0.04131529979559127,0.058746861607475484,1000,0.0014331209315030908,0.0021221886618183238,0.0019165337031015997,0.11150905737214638,0.0018577388806632318
vanilla,0.1031248176060617,0.05161545798393428,1000,0.15076891596615313,0.07700043225297161,1000,0.12190953679010272,0.06285072872536965,1000,5.538480739712715,3.498399993713316,1000,0.04189583248115378,0.05869916312837944,1000,0.0016322240970195498,0.0024349674673688087,0.001987514553735395,0.11062912146452819,0.0018562305223145375
stoch_iso,0.11912385427765548,0.06207665410838718,1000,0.17375333448499442,0.09152793765634114,1000,0.13730337341316046,0.0756938218080928,1000,6.257230504870415,4.209886825632897,1000,0.05552573979680892,0.08354265727235449,1000,0.0019630361650495244,0.0028943675253193177,0.0023936488171649793,0.13312831060536084,0.0026418507876347
operator_norm,0.1196812007073313,0.059434381393153865,1000,0.17109358213096856,0.08536328953260779,1000,0.139078694248572,0.0746448023310352,1000,6.343928639173508,4.215492495643521,1000,0.05663870832324028,0.08229278636568671,1000,0.0018794801652549768,0.0026994242348745085,0.002360475908591172,0.13330557745580957,0.002602326399172201
curvature,0.12044458946958184,0.06573791951966165,1000,0.17195169484242798,0.09759643410293993,1000,0.1333290950246155,0.07362841571560057,1000,6.074408675789833,4.0858959509020885,1000,0.05232059782370925,0.07707410985443405,1000,0.002078815543229729,0.003086270232758223,0.002328334941710341,0.12920737487310113,0.0024372973577004033
