,rel_mean,rel_mean,rel_mean,rel_max,rel_max,rel_max,rel_fin,rel_fin,rel_fin,abs_fin,abs_fin,abs_fin,mse_fin,mse_fin,mse_fin,rel_mean,rel_max,rel_fin,abs_fin,mse_fin
,mean,std,count,mean,std,count,mean,std,count,mean,std,count,mean,std,count,se,se,se,se,se
method,,,,,,,,,,,,,,,,,,,,
vanilla,0.09400491618551314,0.0418947273834378,1000,0.14101248107105493,0.06553229701363544,1000,0.13170215770043434,0.06517912076587888,1000,6.097376599311828,3.9027713789308063,1000,0.051166401135735215,0.07240771873596669,1000,0.0013248276048348983,0.0020723131886573837,0.002061144775073557,0.1234164674433743,0.002289733113825029
stiefel,0.09526084198057652,0.040811393789428274,1000,0.14212464011460543,0.06332520182857383,1000,0.13245337455533446,0.06315350856302991,1000,6.123714289784432,3.7595563651928696,1000,0.050410162595799196,0.06589125121744696,1000,0.0012905695886064358,0.0020025187106815284,0.0019970892929012194,0.11888761105793245,0.0020836643172547505
operator_norm,0.10633878865651786,0.05472783680907179,1000,0.1572981797531247,0.08104931370059282,1000,0.14591533618420363,0.07800941475758544,1000,6.740417113780976,4.398769682546593,1000,0.06324516457971185,0.08331100457335061,1000,0.0017306461573066846,0.0025630043408736364,0.002466874295707219,0.13910131099343045,0.002634525286084923
stoch_iso,0.11004771652817726,0.05663107086379967,1000,0.15702427242696285,0.0804820737664566,1000,0.14855326642282307,0.07874825669273561,1000,6.884686299979687,4.481485248916011,1000,0.06588137897307751,0.08511410334738832,1000,0.001790831702640061,0.0025450666391568927,0.0024902385291664286,0.1417170068702123,0.002691544275807088
curvature,0.11064363942109048,0.06149515808764118,1000,0.1609824457783252,0.09293118428376845,1000,0.15274631573818623,0.09097419382291129,1000,6.957861127376557,4.5491869091743355,1000,0.06746702913788613,0.08658833520115583,1000,0.0019446476462907055,0.0029387420799355177,0.0028768566077802056,0.1438579213481244,0.002738163580377864
