,rel_mean,rel_mean,rel_mean,rel_max,rel_max,rel_max,rel_fin,rel_fin,rel_fin,abs_fin,abs_fin,abs_fin,mse_fin,mse_fin,mse_fin,rel_mean,rel_max,rel_fin,abs_fin,mse_fin
,mean,std,count,mean,std,count,mean,std,count,mean,std,count,mean,std,count,se,se,se,se,se
method,,,,,,,,,,,,,,,,,,,,
stiefel,0.07780113791115582,0.039847245413681835,1000,0.11536173808760941,0.06050928073067135,1000,0.10551561089977622,0.05863055583475464,1000,4.908377739787102,3.494466339453059,1000,0.03544067932193866,0.056524575332942716,1000,0.0012600805399093297,0.00191347146687459,0.0018540609691949943,0.11050472839462781,0.001787464018258694
vanilla,0.08169936850294471,0.04141808044839603,1000,0.12243575689010322,0.06899567360784495,1000,0.11229240494966507,0.06749632950402905,1000,5.1297201659679414,3.5400064216703453,1000,0.037922991103143434,0.05878531259253883,1000,0.001309754705290195,0.0021818347729835714,0.002134421349339549,0.11194483224100737,0.0018589548075740045
curvature,0.10646096485108138,0.056377606768132756,1000,0.1532632300518453,0.08251306003916203,1000,0.14179474991559982,0.07770998775868071,1000,6.46282057261467,4.045500771236423,1000,0.05675562487303978,0.07013102278431475,1000,0.0017828164641662384,0.002609292064339743,0.0024574055826123422,0.1279299671307489,0.0022177376663559817
operator_norm,0.1073010991178453,0.05698897814770298,1000,0.1564722417127341,0.08538377696843322,1000,0.14400497670844198,0.08089756139673182,1000,6.60803983026743,4.341621473368312,1000,0.061032243729219775,0.08088102741685042,1000,0.0018021497247230507,0.002700072104480758,0.0025582055116698493,0.13729412594139936,0.002557682661317723
stoch_iso,0.11534361996129155,0.061771084669374206,1000,0.1654097909890115,0.08816276863940391,1000,0.15163423408567905,0.08187393163661473,1000,6.980762501120568,4.544306983507712,1000,0.06773546909634023,0.09904790378627218,1000,0.0019533732109433153,0.0027879515372698036,0.0025890810496461986,0.14370360454893594,0.0031321697342983554
