,rel_mean,rel_mean,rel_mean,rel_max,rel_max,rel_max,rel_fin,rel_fin,rel_fin,abs_fin,abs_fin,abs_fin,mse_fin,mse_fin,mse_fin,rel_mean,rel_max,rel_fin,abs_fin,mse_fin
,mean,std,count,mean,std,count,mean,std,count,mean,std,count,mean,std,count,se,se,se,se,se
method,,,,,,,,,,,,,,,,,,,,
stiefel,0.10529354817792773,0.045852795549176886,1000,0.15855814983695746,0.06989026500586878,1000,0.1278495748657733,0.059426481229307375,1000,5.923585798144341,3.622089259682925,1000,0.04706570289272349,0.06497503459660509,1000,0.0014499927102143016,0.0022101242369130672,0.0018792303401385425,0.11454051949031137,0.0020546910037351185
vanilla,0.10555906602367758,0.04332492022787093,1000,0.16026687824353575,0.06256715689178301,1000,0.1263440263532102,0.05141000186205162,1000,5.804120980024337,3.220674616350272,1000,0.04301776627800427,0.056008795804812016,1000,0.0013700542736517338,0.0019785472249913547,0.0016257270039758062,0.10184667389955832,0.0017711536374648948
curvature,0.13154476990923286,0.060871284313460484,1000,0.19094572969526052,0.08361899876329412,1000,0.15746748622506856,0.07571113004696584,1000,7.279796031832695,4.425956588322765,1000,0.07086419235356152,0.0904090895892249,1000,0.00192491902530214,0.0026442649175481233,0.0023941961517362303,0.13996103644128136,0.002858986442841675
stoch_iso,0.13905007768422364,0.059689804742665734,1000,0.20907692734524608,0.08285255549401406,1000,0.17199052333645523,0.07450079273865283,1000,7.929193202614784,4.593752825050784,1000,0.08198590520594734,0.11513689736668971,1000,0.0018875573607754442,0.002620027853265816,0.0023559219254227644,0.14526721934993478,0.003640948384037824
operator_norm,0.1417730436325073,0.07104819763688992,1000,0.20274597311019898,0.09571189489233416,1000,0.1691706822440028,0.07757595687974062,1000,7.785288954615593,4.585182757020589,1000,0.07970078226900659,0.10393125561379651,1000,0.0022467412818236486,0.0030266758703041234,0.0024531671540698923,0.14499621000315466,0.003286594878207582
