,rel_mean,rel_mean,rel_mean,rel_max,rel_max,rel_max,rel_fin,rel_fin,rel_fin,abs_fin,abs_fin,abs_fin,mse_fin,mse_fin,mse_fin,rel_mean,rel_max,rel_fin,abs_fin,mse_fin
,mean,std,count,mean,std,count,mean,std,count,mean,std,count,mean,std,count,se,se,se,se,se
method,,,,,,,,,,,,,,,,,,,,
stiefel,0.10224090253002942,0.04719564279770523,1000,0.14796261512488126,0.07034238061745732,1000,0.11617791799176484,0.06206312386969477,1000,5.384996273934841,3.661222061076954,1000,0.041395827431289944,0.060700634005531995,1000,0.0014924572687646993,0.002224421387896465,0.0019626083013339866,0.11577800732659282,0.0019195225887375087
vanilla,0.10448636192083359,0.051927775704794385,1000,0.15145080006495118,0.0766273109583718,1000,0.11666779022477568,0.058723564954712974,1000,5.376114789426326,3.3979869487714462,1000,0.03948962817818392,0.05320335134595398,1000,0.0016421004505350562,0.002423168336024348,0.0018570021758173559,0.1074537821764366,0.0016824376940739955
stoch_iso,0.1209860956016928,0.06178350935937546,1000,0.17255254417657853,0.08785728337132971,1000,0.13651201068982483,0.07414220017232308,1000,6.268430901944638,4.116020649297434,1000,0.05490030307916459,0.07473459722406083,1000,0.00195376611413957,0.002778291244882388,0.0023445822328066945,0.13016000148065024,0.0023633154724332934
curvature,0.12252815137803555,0.0640208188822365,1000,0.17300558953732253,0.09315636075989221,1000,0.13432238879613578,0.0703311526435713,1000,6.160829751729965,3.953434700536859,1000,0.052314296387019565,0.0714063245621484,1000,0.0020245160533698243,0.002945862785335934,0.002224066328186578,0.12501858234442176,0.0022580662495761453
operator_norm,0.12259827788174152,0.060716399282844155,1000,0.1727017258182168,0.08435403001941949,1000,0.14008233637735248,0.07501407625401396,1000,6.435469187855721,4.187957553015522,1000,0.05755538352415897,0.07660539856966647,1000,0.0019200211305800147,0.002667508646755831,0.0023721533753623568,0.13243484611634418,0.00242247540545151
