,rel_mean,rel_mean,rel_mean,rel_max,rel_max,rel_max,rel_fin,rel_fin,rel_fin,abs_fin,abs_fin,abs_fin,mse_fin,mse_fin,mse_fin,rel_mean,rel_max,rel_fin,abs_fin,mse_fin
,mean,std,count,mean,std,count,mean,std,count,mean,std,count,mean,std,count,se,se,se,se,se
method,,,,,,,,,,,,,,,,,,,,
stiefel,0.1031600016206503,0.04685865485962177,1000,0.15183443623408674,0.06822605568862075,1000,0.12312752713821828,0.05593931891387502,1000,5.672996709227562,3.473640799881287,1000,0.04320020081312396,0.06251426011258752,1000,0.0014818007744812239,0.0021574973174552916,0.0017689565852638148,0.10984616700914014,0.0019768744819599073
vanilla,0.10954607709124685,0.0480700318831184,1000,0.16013370810076594,0.06945407908471475,1000,0.1320003845114261,0.058207247135717025,1000,6.05568902695179,3.488087225423428,1000,0.047681597131188025,0.06050267746680968,1000,0.0015201078794756704,0.0021963308269716134,0.0018406747727717785,0.11030300309675213,0.0019132626533366504
stoch_iso,0.14563168999552728,0.06338614517268598,1000,0.21387515991926193,0.08828826307942435,1000,0.17976515790820122,0.0782211698078897,1000,8.178641786575318,4.313103758761668,1000,0.0834711357007036,0.09288759041724823,1000,0.0020044459084377466,0.0027919200199113233,0.0024735705783572697,0.1363923166232029,0.002937363520833345
curvature,0.15229547158628703,0.059821570792409344,1000,0.22104830910637974,0.08258529126369031,1000,0.18424621299281715,0.0727992909571939,1000,8.353234543323516,4.084263600019325,1000,0.08441509315418079,0.08703031665169815,1000,0.0018917241691301728,0.002611576216216667,0.002302115714700322,0.12915575540579993,0.002752140261050452
operator_norm,0.16051422830298542,0.06057424940527941,1000,0.230223886936903,0.08244394619069409,1000,0.19820545624569058,0.07482621955888105,1000,8.959262740850448,4.222871231534377,1000,0.09578437263332307,0.09715945287433403,1000,0.0019155259567578283,0.002607106492549559,0.002366212825059038,0.13353891357248893,0.0030724516729868892
