,rel_mean,rel_mean,rel_mean,rel_max,rel_max,rel_max,rel_fin,rel_fin,rel_fin,abs_fin,abs_fin,abs_fin,mse_fin,mse_fin,mse_fin,rel_mean,rel_max,rel_fin,abs_fin,mse_fin
,mean,std,count,mean,std,count,mean,std,count,mean,std,count,mean,std,count,se,se,se,se,se
method,,,,,,,,,,,,,,,,,,,,
stiefel,0.11061987214162945,0.04465559242242126,1000,0.16878766295313835,0.0698868874654168,1000,0.13105452036485077,0.05651369614211287,1000,6.124713828325271,3.6217026401108225,1000,0.04942942669801414,0.06388421718873213,1000,0.001412133823190071,0.0022100174297058905,0.0017871199880374747,0.11452829350595294,0.002020196328532724
vanilla,0.12817802298069,0.05664033696778685,1000,0.18962329577282072,0.0845656813366835,1000,0.15558772256970405,0.07343646355384263,1000,7.229747814536094,4.5235462579219865,1000,0.07100709104468114,0.09918887174979249,1000,0.0017911247225764156,0.002674201649079123,0.0023222648813808595,0.14304709276164967,0.0031366275327167526
stoch_iso,0.13374552864953876,0.05927863792571831,1000,0.19689331851899625,0.08162635626464361,1000,0.1582467174064368,0.06978262669246513,1000,7.35273125910759,4.366031834799725,1000,0.07139241101179505,0.09629074962087282,1000,0.0018745551243770904,0.0025812520289662773,0.002206720414574521,0.1380660493477113,0.0030449808640695296
operator_norm,0.13703621776215733,0.0634520468240821,1000,0.20050362883135675,0.0919295650298197,1000,0.16867519836314024,0.08399872370290451,1000,7.823059547305107,4.985698486599203,1000,0.08401620433828794,0.12114426703361081,1000,0.002006529901637528,0.002907068098027951,0.0026562728744835107,0.15766162944507958,0.0038309180929786014
curvature,0.14907284789159894,0.06712605687826259,1000,0.21464412159100174,0.09438544762700805,1000,0.1770136943385005,0.08611666908026457,1000,8.188659331083297,5.062114515298126,1000,0.09048195228807163,0.13479311588628567,1000,0.0021227123008132178,0.0029847299247588014,0.0027232481880063364,0.16007811644941347,0.004262532591116887
