,rel_mean,rel_mean,rel_mean,rel_max,rel_max,rel_max,rel_fin,rel_fin,rel_fin,abs_fin,abs_fin,abs_fin,mse_fin,mse_fin,mse_fin,rel_mean,rel_max,rel_fin,abs_fin,mse_fin
,mean,std,count,mean,std,count,mean,std,count,mean,std,count,mean,std,count,se,se,se,se,se
method,,,,,,,,,,,,,,,,,,,,
stiefel,0.10445984544046223,0.04813414144266511,1000,0.1540616430491209,0.07058219644832685,1000,0.12036057434603573,0.05905012109714659,1000,5.586232694804669,3.7632329835180345,1000,0.04429077770136064,0.07045174228988925,1000,0.0015221352017552486,0.002232005030341599,0.0018673287877574419,0.1190038759378788,0.0022278797076325666
vanilla,0.11302189453877509,0.050496894213546216,1000,0.16583426057547332,0.07353826390369399,1000,0.13987017899937929,0.06541771475745749,1000,6.380526993155479,3.874537477245637,1000,0.05440249334811233,0.07419290553728874,1000,0.001596852004793831,0.0023254840911021823,0.0020686897795677514,0.12252363307779028,0.0023461856772355105
curvature,0.13292280478402974,0.072418943699898,1000,0.18931113993003965,0.10326390170998706,1000,0.15302524387836455,0.08906273576983867,1000,6.994799395918846,5.027344023231278,1000,0.07243762896716362,0.1223653200997826,1000,0.0022900880783517904,0.003265491294793154,0.0028164109967844003,0.15897857694645293,0.003869531181308953
operator_norm,0.13836918017826974,0.06601623601012349,1000,0.2012630781903863,0.09421446749478371,1000,0.16697126387059688,0.08157056651650012,1000,7.541922527194023,4.545626805700514,1000,0.07570571837120224,0.10585631085373531,1000,0.002087616683432168,0.002979323058234145,0.0025794878022240716,0.14374534099129285,0.0033474704700060674
stoch_iso,0.14145273612253367,0.08008142732121884,1000,0.20234648829698562,0.11258679710641094,1000,0.1705335726197809,0.10549486082840132,1000,7.650546476721764,5.0964280836071145,1000,0.08249850254924967,0.11360673718457727,1000,0.0025323970861228806,0.0035603071331951324,0.0033360404166022572,0.16116320675445525,0.0035925604704340904
