,rel_mean,rel_mean,rel_mean,rel_max,rel_max,rel_max,rel_fin,rel_fin,rel_fin,abs_fin,abs_fin,abs_fin,mse_fin,mse_fin,mse_fin,rel_mean,rel_max,rel_fin,abs_fin,mse_fin
,mean,std,count,mean,std,count,mean,std,count,mean,std,count,mean,std,count,se,se,se,se,se
method,,,,,,,,,,,,,,,,,,,,
stiefel,0.020774803712032736,0.014646141284481582,1000,0.028623277430422603,0.02910593002852981,1000,0.023233092145528645,0.010944282446984645,1000,0.9681757369339467,0.4497490114774982,1000,0.0011127306235503057,0.0013482837315217549,1000,0.0004631516539158592,0.0009204103230764382,0.0003460885988867247,0.014222312516781046,4.263647523759707e-05
vanilla,0.022762146182358264,0.01675227185464853,1000,0.03187458837404847,0.031403041427075166,1000,0.027100237138569357,0.013135074571429987,1000,1.1331371664106846,0.5509048629152433,1000,0.0015499926888005574,0.0020316033482001613,1000,0.0005297533504302255,0.0009930513636618194,0.00041536752881878795,0.017421141408749976,6.424493882336652e-05
curvature,0.02485557108838111,0.017602124274605894,1000,0.034270978229120376,0.03143862697385133,1000,0.028431103102862836,0.012884451961368538,1000,1.1876676558554173,0.5360287032876565,1000,0.0016578065435096504,0.0017988601457957268,1000,0.0005566280436509376,0.000994176677457771,0.0004074421460094839,0.01695071593615581,5.688495252817061e-05
stoch_iso,0.027759183418005706,0.0185855059258422,1000,0.038563902224414054,0.03211720002166979,1000,0.03224420738406479,0.015024596752989556,1000,1.3458402207195759,0.624861342722677,1000,0.0021497530671185814,0.0024492667209053604,1000,0.0005877253019221782,0.0010156350413568576,0.0004751194666501724,0.01975985064794739,7.745261435312882e-05
operator_norm,0.02961093978676945,0.021585519361050045,1000,0.04138677030894905,0.03499915766432547,1000,0.03576498309988529,0.017342111644983383,1000,1.4927050657272338,0.7197734668518193,1000,0.0026813712685834616,0.003770823012590456,1000,0.0006825940565858058,0.0011067705440660736,0.0005484057223507686,0.022761235546074537,0.00011924389373163626
