,rel_mean,rel_mean,rel_mean,rel_max,rel_max,rel_max,rel_fin,rel_fin,rel_fin,abs_fin,abs_fin,abs_fin,mse_fin,mse_fin,mse_fin,rel_mean,rel_max,rel_fin,abs_fin,mse_fin
,mean,std,count,mean,std,count,mean,std,count,mean,std,count,mean,std,count,se,se,se,se,se
method,,,,,,,,,,,,,,,,,,,,
stiefel,0.10731912256032229,0.04949484865374547,1000,0.16541519390419127,0.07611326266232427,1000,0.1309201020859182,0.06096663062091685,1000,6.093068399310112,3.8811216807022033,1000,0.0509507079917239,0.08257927391963836,1000,0.0015651645419115427,0.0024069127015959603,0.001927934140282628,0.12273184387279731,0.0026113859310899767
vanilla,0.11736519712768495,0.05472848234990015,1000,0.18027442743256689,0.08665578500366856,1000,0.14745143793150783,0.07359539278727564,1000,6.723412806153298,3.9929863248010404,1000,0.059699487749603576,0.07832185847507588,1000,0.001730666571100087,0.002740296530414552,0.0023272906650251887,0.12626931452276172,0.002476754633586019
curvature,0.11785409108921885,0.05767564775629903,1000,0.17519246488809587,0.08357668666090151,1000,0.13600540960393845,0.06714520536233864,1000,6.3069480600357055,4.027152012370142,1000,0.05466731383150909,0.07797785105921508,1000,0.0018238641243548492,0.0026429268913866146,0.002123317829047416,0.12734972842820233,0.0024658761639249306
stoch_iso,0.1282064365129918,0.06090025707434193,1000,0.18812898287922145,0.0850140036746979,1000,0.14988488784059883,0.06854040568533326,1000,6.859968160927296,3.9109547102916635,1000,0.060878353609587064,0.07472899923675362,1000,0.001925835224447028,0.0026883788462196967,0.0021674379371760715,0.12367524710285624,0.0023631384485312584
operator_norm,0.12978244495764374,0.05393139932933387,1000,0.19590940214693547,0.0800621918581666,1000,0.163991343062371,0.06703402011279445,1000,7.454274661898613,3.8087642770748897,1000,0.06841639613802544,0.0748854332238983,1000,0.0017054605928077241,0.0025317888073719493,0.0021198018427396772,0.12044370186241292,0.0023680853255596455
