,rel_mean,rel_mean,rel_mean,rel_max,rel_max,rel_max,rel_fin,rel_fin,rel_fin,abs_fin,abs_fin,abs_fin,mse_fin,mse_fin,mse_fin,rel_mean,rel_max,rel_fin,abs_fin,mse_fin
,mean,std,count,mean,std,count,mean,std,count,mean,std,count,mean,std,count,se,se,se,se,se
method,,,,,,,,,,,,,,,,,,,,
stiefel,0.11276910533197224,0.05068486387715328,1000,0.17392748111113907,0.07601836008207025,1000,0.13991248193383216,0.05761592349429656,1000,6.393684954762459,3.4905416590650296,1000,0.05180752391531132,0.06483833130471464,1000,0.0016027961274739707,0.0024039116185016643,0.001821975477359845,0.11038061910348415,0.002050368066074952
vanilla,0.11342250522971153,0.04683340881540575,1000,0.17423912019282578,0.06664752654786363,1000,0.14237842759490013,0.05238405904347279,1000,6.552958662033081,3.4483476568966607,1000,0.05353562310570851,0.06746320613772785,1000,0.0014810024244649046,0.0021075798430778814,0.0016565293966211538,0.10904632759898286,0.002133373896526711
operator_norm,0.14401094380393625,0.05995946022987705,1000,0.21934682596474886,0.08077030081576542,1000,0.1830092454701662,0.06905626493262192,1000,8.353419090747833,4.135569110237157,1000,0.08482953118300066,0.0926236070860363,1000,0.001896084616006946,0.002554181178747748,0.0021837508389109936,0.1307781780938538,0.002929015634923862
stoch_iso,0.15447440650314093,0.05641671816017475,1000,0.23536688653379678,0.07306283998539347,1000,0.20831131794676186,0.06836511856581051,1000,9.390221169948578,3.9342838566913345,1000,0.10121031705010683,0.09321470823471759,1000,0.0017840532749793634,0.0023104498667426677,0.002161894871754251,0.124412979487761,0.002947707894497609
curvature,0.1606945817768574,0.06003052949193267,1000,0.2395034253820777,0.077225575789885,1000,0.21398539805412292,0.07347060300958692,1000,9.642589104175567,4.128568188991139,1000,0.10742925290111452,0.0978705393413462,1000,0.0018983320234041772,0.002442087131139934,0.0023233444657631643,0.13055678952528502,0.003094938201477696
