,rel_mean,rel_mean,rel_mean,rel_max,rel_max,rel_max,rel_fin,rel_fin,rel_fin,abs_fin,abs_fin,abs_fin,mse_fin,mse_fin,mse_fin,rel_mean,rel_max,rel_fin,abs_fin,mse_fin
,mean,std,count,mean,std,count,mean,std,count,mean,std,count,mean,std,count,se,se,se,se,se
method,,,,,,,,,,,,,,,,,,,,
stiefel,0.09483692864514888,0.04155866068160711,1000,0.14295715115219354,0.06622142434889443,1000,0.10859499922953546,0.05700361149351799,1000,5.0505664201974865,3.5995391845454154,1000,0.03755072949337773,0.061969509846891854,1000,0.0013142002425996415,0.002094105308430392,0.0018026124717486942,0.11382742350188672,0.0019596479660041054
vanilla,0.10375921436026693,0.04514309014259495,1000,0.15397153694927693,0.06911233993003117,1000,0.12046956690400838,0.06163032305293597,1000,5.5503675391674046,3.6849720233521572,1000,0.04333205047401134,0.06464134350003131,1000,0.001427549854688954,0.002185524086027006,0.001948921937792597,0.11652904707791999,0.002044138764734195
curvature,0.1223197618201375,0.05665018686999534,1000,0.1763233568407595,0.08298372787804045,1000,0.14735850185342134,0.07144701375175327,1000,6.742163193404674,4.181498931168079,1000,0.06144942701392574,0.08291370814879742,1000,0.001791436203833503,0.002624175888262193,0.0022593529547291235,0.13223060656050772,0.00262196167000663
operator_norm,0.12315453532896936,0.06442771384348873,1000,0.17698967992141842,0.09336347235835718,1000,0.1428363371063024,0.07889001546445233,1000,6.567931447505951,4.627430930379751,1000,0.06301701910677365,0.10488655490595852,1000,0.0020373832018298547,0.0029524122291458093,0.002494721335135756,0.14633221455112067,0.0033168040943113678
stoch_iso,0.1350427317805588,0.08403545566032983,1000,0.2016153008043766,0.1356073973380735,1000,0.16523055569455028,0.10836966136255873,1000,7.623838555932045,6.145132782367199,1000,0.09360137489659245,0.21227283436803476,1000,0.002657434440967314,0.004288282431557668,0.0034269495916683184,0.19432616116448148,0.006712656419826589
