,rel_mean,rel_mean,rel_mean,rel_max,rel_max,rel_max,rel_fin,rel_fin,rel_fin,abs_fin,abs_fin,abs_fin,mse_fin,mse_fin,mse_fin,rel_mean,rel_max,rel_fin,abs_fin,mse_fin
,mean,std,count,mean,std,count,mean,std,count,mean,std,count,mean,std,count,se,se,se,se,se
method,,,,,,,,,,,,,,,,,,,,
stiefel,0.0942600980065763,0.048492872032389604,1000,0.13815381797030568,0.07037871473106304,1000,0.10517913481220603,0.06001748604961715,1000,4.9230013884902,3.7738935170265906,1000,0.03756247332348721,0.06784856510316062,1000,0.0015334792590542964,0.0022255703734540386,0.0018979195535417169,0.11934099160747463,0.0021455600170020473
vanilla,0.0978417981211096,0.05173008675084554,1000,0.14504008220694958,0.07706876198463494,1000,0.11813586104288697,0.07103845642317447,1000,5.449471166014671,4.090486710994025,1000,0.04532430220907554,0.07391118309661521,1000,0.0016358489769077113,0.0024371282432084514,0.0022464332375984955,0.12935254745392036,0.0023372768314304103
curvature,0.11790559524297714,0.05963699007474929,1000,0.16919109703600407,0.08518200263714316,1000,0.13751263881660997,0.07894197913065656,1000,6.3133940050601955,4.441958077336653,1000,0.058174027698871214,0.08940769337747466,1000,0.0018858872143306304,0.002693691439878418,0.002496364570543537,0.14046704795366186,0.002827319514147725
stoch_iso,0.1203184550702572,0.057975467551304366,1000,0.17192893943935633,0.0815421429181339,1000,0.13617667885869741,0.06734284440408991,1000,6.22777635884285,3.954188399456554,1000,0.0531300474954769,0.07488909302297604,1000,0.0018333452587530657,0.0025785889691227206,0.002129567724312487,0.1250424163969842,0.0023682010585682877
operator_norm,0.1256644136533141,0.061246975282195526,1000,0.17816502314433455,0.08729715513365824,1000,0.1504105000048876,0.07714541815881584,1000,6.781258803486824,4.0879349068800845,1000,0.061210909623769114,0.07667763762843627,1000,0.0019367994168777184,0.002760578434754208,0.0024395523242797135,0.12927185232249397,0.0024247598050689033
