,rel_mean,rel_mean,rel_mean,rel_max,rel_max,rel_max,rel_fin,rel_fin,rel_fin,abs_fin,abs_fin,abs_fin,mse_fin,mse_fin,mse_fin,rel_mean,rel_max,rel_fin,abs_fin,mse_fin
,mean,std,count,mean,std,count,mean,std,count,mean,std,count,mean,std,count,se,se,se,se,se
method,,,,,,,,,,,,,,,,,,,,
stiefel,0.10689150031656026,0.053494542353996,1000,0.16449732548743487,0.08332953099909766,1000,0.12661448027193548,0.058672145586879755,1000,5.871349815368652,3.6493715702156115,1000,0.046657562352367676,0.06795134724731221,1000,0.0016916459622697273,0.00263511114310755,0.001855376152635366,0.11540326190146429,0.002148810273785195
vanilla,0.10717186122015118,0.04771624249573415,1000,0.16235630337148904,0.07081791034402449,1000,0.13046379282325507,0.05509820886011052,1000,6.010763408780098,3.423133305629514,1000,0.0467142581254011,0.06210079992732389,1000,0.0015089200767143718,0.0022394589582071583,0.0017423583499361897,0.1082489798017055,0.0019637997228876243
operator_norm,0.1335236744582653,0.05634818750623945,1000,0.20165537856519222,0.07863032993828899,1000,0.1668559827916324,0.06569072194578071,1000,7.599216103315354,3.8447801804312753,1000,0.0708160524549894,0.08184782941016815,1000,0.0017818861454195999,0.002486509357755202,0.0020773230248947506,0.12158262472835973,0.002588255624770472
stoch_iso,0.14167943675816058,0.05432476168906153,1000,0.21208953116834164,0.07317133502452758,1000,0.18094251266866923,0.06295310477032309,1000,8.18059992647171,3.6368919881959085,1000,0.0782577846487984,0.07681909505103433,1000,0.0017178998028329032,0.0023138807811275966,0.0019907519685343216,0.11500862286717282,0.002429233081542372
curvature,0.1474345123246312,0.05676059240323239,1000,0.21526404941082,0.07621057228621371,1000,0.19248134787008167,0.06901788786194557,1000,8.714390563249587,3.9744268227453277,1000,0.08957116748206317,0.08892615181557119,1000,0.001794927533346648,0.0024099899020934104,0.0021825372493783682,0.1256824115354154,0.0028120918329112253
