,rel_mean,rel_mean,rel_mean,rel_max,rel_max,rel_max,rel_fin,rel_fin,rel_fin,abs_fin,abs_fin,abs_fin,mse_fin,mse_fin,mse_fin,rel_mean,rel_max,rel_fin,abs_fin,mse_fin
,mean,std,count,mean,std,count,mean,std,count,mean,std,count,mean,std,count,se,se,se,se,se
method,,,,,,,,,,,,,,,,,,,,
stiefel,0.0973350297473371,0.043240999012117844,1000,0.1503062069453299,0.06704045465224441,1000,0.11306914198957384,0.05551522236887492,1000,5.277628424108029,3.4191566710444508,1000,0.03860576519405003,0.055660966600711535,1000,0.0013674004517938321,0.002120005320743238,0.0017555454749637305,0.10812322757459551,0.0017601543122480838
vanilla,0.10389826843887567,0.04698861325426434,1000,0.15843038588762284,0.0740696863924195,1000,0.11883308127336203,0.06135217541228005,1000,5.523426357984543,3.7032822182371086,1000,0.04317267936060671,0.0669433244766791,1000,0.0014859104197625192,0.0023422891457442595,0.0019401261370898494,0.1171080662803001,0.002116933794900054
stoch_iso,0.13441143333166838,0.05067734792494208,1000,0.1981418043076992,0.06976197342831876,1000,0.1587888261526823,0.06330578622014613,1000,7.351594461679459,4.015153847874009,1000,0.06850710939138661,0.08301491779438143,1000,0.001602558452196247,0.002206067301016325,0.002001904735233633,0.12697031315271087,0.0026251622000188686
curvature,0.13687149772793056,0.0555135934630941,1000,0.20079500836506486,0.07448754591520379,1000,0.16672528564184905,0.06679469174514888,1000,7.675007842063904,4.084304876120132,1000,0.07379942415980623,0.0839864567168494,1000,0.0017554939644401184,0.0023555030240841536,0.0021122336152351756,0.12915706067071475,0.002655884958323914
operator_norm,0.1376495618931949,0.05690377402649625,1000,0.20216490012407304,0.07881451338204824,1000,0.16115982003882529,0.066405728069821,1000,7.381318712830543,3.9906844412771854,1000,0.06874365474400111,0.08316891212535041,1000,0.0017994553338325876,0.0024923337496509297,0.002099933503824112,0.12619652257432373,0.0026300319283450264
