,rel_mean,rel_mean,rel_mean,rel_max,rel_max,rel_max,rel_fin,rel_fin,rel_fin,abs_fin,abs_fin,abs_fin,mse_fin,mse_fin,mse_fin,rel_mean,rel_max,rel_fin,abs_fin,mse_fin
,mean,std,count,mean,std,count,mean,std,count,mean,std,count,mean,std,count,se,se,se,se,se
method,,,,,,,,,,,,,,,,,,,,
stiefel,0.12058224472776055,0.052394679003857324,1000,0.18706799912452698,0.07330721792124291,1000,0.1518152366578579,0.06455237713682048,1000,7.012911774277687,4.022912256278874,1000,0.06381696364888921,0.08196639566784686,1000,0.0016568652292559126,0.002318177775614415,0.0020413254013053146,0.12721565556848255,0.0025920050190495437
vanilla,0.12147937154397369,0.05233847500615209,1000,0.18793721429258586,0.07324161951744043,1000,0.1516446250118315,0.05630121889441169,1000,6.951616693973541,3.6043448306823342,1000,0.05986648945533671,0.07442718585338694,1000,0.0016550879027923584,0.0023161033719455424,0.0017804008675004796,0.11397939137610126,0.0023535942713336557
operator_norm,0.13669553687423466,0.06222881991754159,1000,0.19915610636025669,0.08744066361165372,1000,0.1615286919362843,0.0768036603999457,1000,7.450110029697418,4.480281997478253,1000,0.07378612599754707,0.09562339901427856,1000,0.0019678480704388287,0.0027651165712943068,0.002428744995019071,0.14167895671880043,0.0030238773849222012
curvature,0.14150300459377468,0.06880288254653671,1000,0.20299821828305722,0.09694841849116803,1000,0.16285919211618602,0.07406785725519002,1000,7.453907547593117,4.283253668795946,1000,0.07215688791091088,0.08980893589573404,1000,0.0021757381843210194,0.003065778179832757,0.0023422313033462784,0.13544837389667672,0.002840007916665738
stoch_iso,0.14715168280899524,0.06394065319715901,1000,0.21171284827962517,0.08087091797232628,1000,0.17396361423656345,0.06908237577396373,1000,8.00235778105259,4.3096340402348305,1000,0.08065635063662194,0.09650634517842058,1000,0.002021980991819498,0.002557362972611969,0.0021845765362136275,0.136282594489358,0.003051798594222178
