,rel_mean,rel_mean,rel_mean,rel_max,rel_max,rel_max,rel_fin,rel_fin,rel_fin,abs_fin,abs_fin,abs_fin,mse_fin,mse_fin,mse_fin,rel_mean,rel_max,rel_fin,abs_fin,mse_fin
,mean,std,count,mean,std,count,mean,std,count,mean,std,count,mean,std,count,se,se,se,se,se
method,,,,,,,,,,,,,,,,,,,,
stiefel,0.11319824641570449,0.055637554858401085,1000,0.1697395838275552,0.08262361978283148,1000,0.1320732059367001,0.06965271211787474,1000,6.191190541267395,4.279299317802663,1000,0.05529778393334709,0.0881750986606748,1000,0.0017594139679511444,0.0026127882704149413,0.002202612155004947,0.1353233263386115,0.0027883414467779473
vanilla,0.11574831942655146,0.05968511411919073,1000,0.17799829921126364,0.09221574903577286,1000,0.14639407442323862,0.07286113540736133,1000,6.802900730133056,4.3934503106334954,1000,0.06402593886048999,0.09500620890643226,1000,0.0018874090302371718,0.002916118030915183,0.0023040714079320206,0.1389330976837613,0.0030043601200210085
curvature,0.14484948412328957,0.06248719423542129,1000,0.20917244644090532,0.08909195597779189,1000,0.1717916340045631,0.07904972506415223,1000,7.965800431966781,4.728083677359757,1000,0.08377577801258303,0.10426985646635896,1000,0.001976018583772751,0.00281733502089276,0.00249977179612821,0.14951513388321522,0.0032973023773253036
stoch_iso,0.1501358323469758,0.06935210270138424,1000,0.217581204906106,0.09544553642868267,1000,0.17468085285648705,0.08116733272353287,1000,8.064761819958687,4.698636501170809,1000,0.08505419043044093,0.10669767366403811,1000,0.002193106050582905,0.0030182528761121047,0.0025667364300708184,0.1485839324090417,0.0033740766981972376
operator_norm,0.15137707845121623,0.06493749137349476,1000,0.2173525565676391,0.08744435773529245,1000,0.17406301889196038,0.076064888020828,1000,8.053379270851613,4.650410158588993,1000,0.084435162005655,0.10887639734109436,1000,0.0020535037827777935,0.0027652333897408734,0.002405382961114738,0.14705888155126065,0.0034429739903135866
