,rel_mean,rel_mean,rel_mean,rel_max,rel_max,rel_max,rel_fin,rel_fin,rel_fin,abs_fin,abs_fin,abs_fin,mse_fin,mse_fin,mse_fin,rel_mean,rel_max,rel_fin,abs_fin,mse_fin
,mean,std,count,mean,std,count,mean,std,count,mean,std,count,mean,std,count,se,se,se,se,se
method,,,,,,,,,,,,,,,,,,,,
stiefel,0.11481824840977788,0.049126090293622686,1000,0.17200549754500388,0.07102488022323449,1000,0.13290171948634089,0.0568625880978208,1000,6.174842857003212,3.677032189589177,1000,0.05042551714892034,0.06936466780383636,1000,0.0015535033786693768,0.0022460039204606937,0.001798152920410951,0.11627796748857876,0.002193503394010726
vanilla,0.13146078990027307,0.05410983641344993,1000,0.194758978292346,0.0717629553273456,1000,0.16307466368749737,0.060975060542481946,1000,7.411947662234306,3.665400069205715,1000,0.06675653363275341,0.0746085998592232,1000,0.0017111032688561822,0.0022693439045932636,0.0019282007178090508,0.11591012754428864,0.002359331085912632
curvature,0.14394013357535004,0.07655502734673669,1000,0.20365423579514028,0.10389485196897878,1000,0.15944430193677545,0.08306967530777983,1000,7.36322826230526,4.869240511839047,1000,0.076077073653345,0.11292494263679992,1000,0.002420882527521648,0.0032854436938800236,0.00262689378463233,0.15397890492575464,0.003571000233761481
operator_norm,0.15558407935872673,0.06956561982384345,1000,0.22915671698376536,0.09423876508925993,1000,0.1862422916293144,0.08225402486892934,1000,8.442603724002838,4.4826924175387965,1000,0.0892109317156719,0.10053318387051013,1000,0.002199858054847067,0.0029800914156362245,0.0026011006530194955,0.14175518089389122,0.0031791384145931426
stoch_iso,0.1597345914952457,0.08887732231890955,1000,0.2271871329434216,0.11974425298419217,1000,0.18555960992723702,0.1039927538844816,1000,8.320048493385315,4.891407185508109,1000,0.09094252466619947,0.11458580117317613,1000,0.0028105477086467216,0.0037866457614546167,0.0032885396242828464,0.1546798766951938,0.0036235211922243057
