,rel_mean,rel_mean,rel_mean,rel_max,rel_max,rel_max,rel_fin,rel_fin,rel_fin,abs_fin,abs_fin,abs_fin,mse_fin,mse_fin,mse_fin,rel_mean,rel_max,rel_fin,abs_fin,mse_fin
,mean,std,count,mean,std,count,mean,std,count,mean,std,count,mean,std,count,se,se,se,se,se
method,,,,,,,,,,,,,,,,,,,,
stiefel,0.10499510874599219,0.04711249378152279,1000,0.15879045449197293,0.06972953820728649,1000,0.11997296757251025,0.05356508329933473,1000,5.576533989191056,3.4556162628966933,1000,0.04201862668071408,0.06340844396711273,1000,0.001489827866001312,0.002205041609267595,0.0016938766628254458,0.10927618110272755,0.0020051510582323904
vanilla,0.11219543757103384,0.0601674315355586,1000,0.16777498717606068,0.08987350306753589,1000,0.12862156648002565,0.06405089595369722,1000,5.935699029445648,3.8226882210011373,1000,0.048662944398995024,0.07192410265455199,1000,0.0019026612461460742,0.0028420497099154304,0.0020254671738814596,0.12088401563060701,0.00227443983052147
operator_norm,0.13994258386641742,0.06190004550090468,1000,0.20669842173531652,0.08714247109737507,1000,0.16165382937714456,0.06355784982874156,1000,7.461798602342606,4.149112801911291,1000,0.07116832061018795,0.09234124595032572,1000,0.0019574513105091707,0.0027556868960309784,0.002009875686417661,0.13120646723002705,0.0029200865918082887
stoch_iso,0.14318562917783856,0.06050822643516377,1000,0.20857247095182538,0.08249399466564976,1000,0.1644272823408246,0.06726546779109666,1000,7.594876720309258,4.221474001608398,1000,0.07371599092148244,0.09101544434805736,1000,0.0019134381271232817,0.002608689164292337,0.0021271208609656062,0.1334947292826785,0.0028781610639216017
curvature,0.1508129193149507,0.06095476654001143,1000,0.22048277258872986,0.07768051390232028,1000,0.18007377202063798,0.06981878864630102,1000,8.199871281027795,4.099807147028015,1000,0.08206005753879435,0.08948416034147598,1000,0.0019275589651025716,0.0024564735374370665,0.002207863955962154,0.1296472855204535,0.0028297376118677476
