,rel_mean,rel_mean,rel_mean,rel_max,rel_max,rel_max,rel_fin,rel_fin,rel_fin,abs_fin,abs_fin,abs_fin,mse_fin,mse_fin,mse_fin,rel_mean,rel_max,rel_fin,abs_fin,mse_fin
,mean,std,count,mean,std,count,mean,std,count,mean,std,count,mean,std,count,se,se,se,se,se
method,,,,,,,,,,,,,,,,,,,,
stiefel,0.08750949498452246,0.04364738662894626,1000,0.12901846638321876,0.06517074968588972,1000,0.11683191609568894,0.06231405815049298,1000,5.441575189769268,3.7452380939992085,1000,0.04260109550785273,0.06505274229092171,1000,0.0013802515566144879,0.002060880058281145,0.001970543540037373,0.11843482756665298,0.002057148336792725
vanilla,0.09287698404304683,0.044998589485206617,1000,0.13673777811974286,0.06756415994637996,1000,0.12478866808488966,0.06539945751672945,1000,5.766643789708614,3.809857992878006,1000,0.046635433022864166,0.06725107273587168,1000,0.0014229803426815662,0.0021365663362648054,0.002068112434922845,0.1204782881929206,0.002126665649350058
curvature,0.10793518003821373,0.060073719527649116,1000,0.15977338419854642,0.0939274443041306,1000,0.15017181969620289,0.09199751061261636,1000,6.905973220586777,4.781334498722342,1000,0.06887769966339692,0.09940256938022818,1000,0.0018996978122550574,0.0029702465879966186,0.0029092167260138012,0.15119907271102037,0.0031433852451443296
operator_norm,0.11336618197336792,0.05665332855233934,1000,0.16700819922983645,0.08777722564427211,1000,0.1569164212141186,0.08523249495984409,1000,7.1183659014701846,4.2575956786842255,1000,0.06716809244116302,0.07780772369943925,1000,0.0017915355525524208,0.002775759597264407,0.0026952881473192893,0.13463699700732557,0.002460496264432905
stoch_iso,0.11433329444751143,0.06330887540869805,1000,0.1653824639134109,0.09459102024387195,1000,0.15474330230802297,0.09306617239841987,1000,7.1298504500389095,4.966906255131536,1000,0.0737111861326266,0.1112152174523936,1000,0.002002002423953091,0.002991230701697312,0.002943010778929022,0.15706736690753043,0.0035169339762047276
