,rel_mean,rel_mean,rel_mean,rel_max,rel_max,rel_max,rel_fin,rel_fin,rel_fin,abs_fin,abs_fin,abs_fin,mse_fin,mse_fin,mse_fin,rel_mean,rel_max,rel_fin,abs_fin,mse_fin
,mean,std,count,mean,std,count,mean,std,count,mean,std,count,mean,std,count,se,se,se,se,se
method,,,,,,,,,,,,,,,,,,,,
stiefel,0.10088269249349832,0.051935037911486084,1000,0.1501208902746439,0.0760521620351923,1000,0.11746303676068783,0.06566266315325084,1000,5.4834023827314375,3.940937831663428,1000,0.04451480630488368,0.07445688446364677,1000,0.0016423301016749029,0.0024049805301139438,0.0020764357279668653,0.12462339665181671,0.002354533423851283
vanilla,0.10490838783606887,0.05794765608590658,1000,0.15572010371834039,0.08917739741609959,1000,0.11625689929537475,0.07334058486428752,1000,5.447103166818619,4.359864432255844,1000,0.047519865426584144,0.09577536252755092,1000,0.001832465782995826,0.0028200369164088908,0.002319232931000196,0.1378710189548535,0.0030286828931540203
curvature,0.12948615072481334,0.0645440766894053,1000,0.17841753475368022,0.08666480405441837,1000,0.14605889817513526,0.07455912924783256,1000,6.702360766410828,4.269237462832446,1000,0.061650197070557626,0.08541148459484652,1000,0.0020410629181110106,0.002740581737841572,0.002357766687820277,0.13500514254668974,0.0027009482965609883
operator_norm,0.1337003655657172,0.0671131429776434,1000,0.1890659832507372,0.09160197607677013,1000,0.1541029425431043,0.08178841779327856,1000,7.1224568942785265,4.725862278073547,1000,0.07132893808069639,0.10051690001780178,1000,0.0021223039274188807,0.0028967088257484852,0.0025863768644820277,0.1494448870698442,0.0031786234739567313
stoch_iso,0.140004026113078,0.06402926634608357,1000,0.19302316077053547,0.08458551522029839,1000,0.15921893906593323,0.07362840934797855,1000,7.32622017288208,4.35777072510484,1000,0.07094206749240402,0.08801856297325444,1000,0.002024783185631911,0.0026748288515498204,0.0023283347403484527,0.13780481012134793,0.002783391353704462
