,rel_mean,rel_mean,rel_mean,rel_max,rel_max,rel_max,rel_fin,rel_fin,rel_fin,abs_fin,abs_fin,abs_fin,mse_fin,mse_fin,mse_fin,rel_mean,rel_max,rel_fin,abs_fin,mse_fin
,mean,std,count,mean,std,count,mean,std,count,mean,std,count,mean,std,count,se,se,se,se,se
method,,,,,,,,,,,,,,,,,,,,
stiefel,0.11120431008189917,0.04893791282665743,1000,0.1668976427540183,0.07192712106428299,1000,0.1430011198222637,0.06583326316293495,1000,6.4790422321558,3.780406520376778,1000,0.0549366898839362,0.07292344772526937,1000,0.0015475526846700637,0.002274535281018086,0.002081830573961351,0.11954695085742362,0.0023060418964407597
curvature,0.1307523522078991,0.06208199885529671,1000,0.1877007994502783,0.08871075067328847,1000,0.15540093711949884,0.07814566145941339,1000,7.119028677284717,4.6004712198160895,1000,0.07014037127699703,0.10837135543475301,1000,0.001963205180787037,0.0028052802507090714,0.0024711827947218406,0.14547967364671993,0.0034270031629348653
vanilla,0.1327524140290916,0.05182002111669643,1000,0.1984927033893764,0.07805492863003874,1000,0.16714648896828294,0.07212879858581142,1000,7.638365231990814,4.402062240956592,1000,0.0758822241188027,0.09833053920857406,1000,0.001638692951267828,0.0024683135707280874,0.0022809128842269607,0.13920543083247786,0.0031094846745158464
operator_norm,0.1351550465710461,0.06704472629502087,1000,0.19573424025252462,0.09300986540232602,1000,0.17017541660927235,0.0895326681735062,1000,7.707625042915344,4.763545817090239,1000,0.08015250112535433,0.10277975419817953,1000,0.00212014040194848,0.002941230195370434,0.0028312715642034715,0.15063654520572992,0.0032501812061850035
stoch_iso,0.14341442259028553,0.06426401199221825,1000,0.2048149132207036,0.08841040547843558,1000,0.17424906112253666,0.07632077726921972,1000,7.88821398460865,4.330636739788342,1000,0.07906208986090496,0.09502722484527178,1000,0.0020322064947578457,0.0027957825017088495,0.0024134748896514017,0.13694675816537097,0.003005024702360005
