,rel_mean,rel_mean,rel_mean,rel_max,rel_max,rel_max,rel_fin,rel_fin,rel_fin,abs_fin,abs_fin,abs_fin,mse_fin,mse_fin,mse_fin,rel_mean,rel_max,rel_fin,abs_fin,mse_fin
,mean,std,count,mean,std,count,mean,std,count,mean,std,count,mean,std,count,se,se,se,se,se
method,,,,,,,,,,,,,,,,,,,,
stiefel,0.11442188990488648,0.052396313112672115,1000,0.17724513227492572,0.0751612105052939,1000,0.14147580385766922,0.055647713437867535,1000,6.5302552162408825,3.612728669873465,1000,0.05437791987077799,0.07003258309253904,1000,0.0016569169043139055,0.002376806168921038,0.0017597352104402023,0.11424451164990682,0.0022146247299742196
curvature,0.12528673413209618,0.06113464121123691,1000,0.18649368277192116,0.08430761335586974,1000,0.1505760622303933,0.06886928815556295,1000,6.9248178671598435,4.104413020309963,1000,0.06326412380835973,0.08421970305653581,1000,0.0019332471016470364,0.0026660408229738017,0.002177838114060355,0.1297929360223042,0.0026632608552169777
vanilla,0.12665460781566798,0.058221316223706805,1000,0.19917906142026187,0.09780032408003539,1000,0.1677722451351583,0.08746419836089454,1000,7.53662568295002,4.173142889112993,1000,0.07245940735656768,0.0841593682796676,1000,0.0018411196763982686,0.0030927177999552353,0.002765860805411926,0.13196636530932548,0.002661352902046762
stoch_iso,0.1339803756121546,0.06063896851806639,1000,0.19648579543083905,0.08077055737728324,1000,0.16099625995382666,0.07028145802248684,1000,7.3617043684720995,4.135862590037781,1000,0.06961225142760669,0.08667398449979695,1000,0.00191757255480335,0.0025541892919353107,0.0022224948462857184,0.13078745874002606,0.002740872049014883
operator_norm,0.13951719513908029,0.05583589364249649,1000,0.21253126049041748,0.08038295652055114,1000,0.18135442177578806,0.07307228248873081,1000,8.217576152205467,4.229469250970004,1000,0.08339753875974566,0.09770215246842551,1000,0.001765685991012043,0.0025419322766322503,0.002310748464916265,0.13374756126711532,0.003089613341012669
