,rel_mean,rel_mean,rel_mean,rel_max,rel_max,rel_max,rel_fin,rel_fin,rel_fin,abs_fin,abs_fin,abs_fin,mse_fin,mse_fin,mse_fin,rel_mean,rel_max,rel_fin,abs_fin,mse_fin
,mean,std,count,mean,std,count,mean,std,count,mean,std,count,mean,std,count,se,se,se,se,se
method,,,,,,,,,,,,,,,,,,,,
stiefel,0.10793397256545723,0.049447438431105356,1000,0.16673211705312133,0.07443965389861018,1000,0.1358941288292408,0.06593638862339622,1000,6.3024320375919345,4.044143386745165,1000,0.054745498622301964,0.083712773845166,1000,0.0015636652990323584,0.00235398854554241,0.0020850916873594635,0.12788704286421926,0.002647230346012962
vanilla,0.11070514919608831,0.047002823445464866,1000,0.16945518824830652,0.06963887354080973,1000,0.13678665184043348,0.060601036588126794,1000,6.287286238193512,3.6341009834993128,1000,0.0514877457015682,0.06816001207271537,1000,0.0014863597854643208,0.0022021745407739346,0.0019163730418567996,0.11492036354915813,0.0021554088349435485
curvature,0.12571091318130492,0.06205858714163587,1000,0.18143318255618215,0.08620340763176658,1000,0.14584864572249354,0.0715689240890897,1000,6.7864260212183,4.314526166940647,1000,0.06313681538403035,0.0852155501102975,1000,0.0019624648373960775,0.0027259911018432384,0.0022632080980921495,0.13643729711928315,0.0026947523041275286
operator_norm,0.1393794010709971,0.06831154907112383,1000,0.20270455522090197,0.0962984525048347,1000,0.15648706892319023,0.07066935226321264,1000,7.23280812394619,4.327748704486334,1000,0.06935956325475126,0.09445020199350113,1000,0.002160200855591109,0.003045224450648245,0.00223476113920527,0.1368554304701978,0.0029867776376243955
stoch_iso,0.1419303634725511,0.06347781048741756,1000,0.206692592125386,0.0849060639043709,1000,0.17347174390777945,0.07380650322833099,1000,7.962288684844971,4.4933722342112485,1000,0.08160961399774533,0.10972600551224279,1000,0.002007344620207626,0.002684965490976209,0.0023339665633409644,0.1420929063506711,0.0034698409597087782
