,rel_mean,rel_mean,rel_mean,rel_max,rel_max,rel_max,rel_fin,rel_fin,rel_fin,abs_fin,abs_fin,abs_fin,mse_fin,mse_fin,mse_fin,rel_mean,rel_max,rel_fin,abs_fin,mse_fin
,mean,std,count,mean,std,count,mean,std,count,mean,std,count,mean,std,count,se,se,se,se,se
method,,,,,,,,,,,,,,,,,,,,
stiefel,0.11884071474522352,0.05033429085920037,1000,0.17339653806760907,0.07141695853485903,1000,0.14589015470258893,0.06706014188791778,1000,6.648931135892868,3.9255344352905337,1000,0.0582057576184161,0.07630021491081368,1000,0.001591710035244668,0.0022584025253195622,0.0021206278857988418,0.12413629848940949,0.0024128246507851238
vanilla,0.11946642368659377,0.052406730663777275,1000,0.17825330417603255,0.0803273389242519,1000,0.1530983888171613,0.07418998567568001,1000,6.983871690392494,4.332637239322963,1000,0.0659447625791654,0.0927593077109028,1000,0.0016572463362052405,0.002540173493809357,0.0023460933431041497,0.13701001951524608,0.002933306865468724
operator_norm,0.13200040241144598,0.0650962370344164,1000,0.19113937105238438,0.09212784814388661,1000,0.1595075828935951,0.0861804218635336,1000,7.252002144157887,4.668285925827864,1000,0.07261976164451335,0.09946682926517328,1000,0.002058523761349605,0.002913338360647975,0.0027252642280293886,0.14762416294523914,0.0031454173211303985
stoch_iso,0.1358984273839742,0.06768227425049221,1000,0.1914352440945804,0.09311180295782931,1000,0.158820470681414,0.08268016790039254,1000,7.24920953476429,4.716556906904227,1000,0.07302216998115182,0.1009662825634877,1000,0.0021403014385172107,0.0029444537439154367,0.0026145764789038206,0.14915062539616109,0.0031928341978076534
curvature,0.13951120827160776,0.07922316078810834,1000,0.1978757213242352,0.10944861250657349,1000,0.160562666606158,0.08899734434463041,1000,7.280751592278481,4.688729568993931,1000,0.07321439896710218,0.10641148549553069,1000,0.0025052563152816254,0.0034610690226596283,0.0028143431383533743,0.1482706477060042,0.003365026633678482
