,rel_mean,rel_mean,rel_mean,rel_max,rel_max,rel_max,rel_fin,rel_fin,rel_fin,abs_fin,abs_fin,abs_fin,mse_fin,mse_fin,mse_fin,rel_mean,rel_max,rel_fin,abs_fin,mse_fin
,mean,std,count,mean,std,count,mean,std,count,mean,std,count,mean,std,count,se,se,se,se,se
method,,,,,,,,,,,,,,,,,,,,
stiefel,0.11285541504248976,0.049258150630482465,1000,0.17470544294640422,0.07395088518411738,1000,0.14058546671271324,0.06651490516578551,1000,6.523833181142807,4.040502759309357,1000,0.05748997661122121,0.07967576829178369,1000,0.0015576794931998368,0.0023385323216741118,0.0021033859867398185,0.12777191611612673,0.0025195690212585966
vanilla,0.11557400066405535,0.0518496710814507,1000,0.1763688572794199,0.0767155275540919,1000,0.1393650491349399,0.05958037763727525,1000,6.416464044094086,3.6499841696083855,1000,0.05320319618517533,0.07193328692898192,1000,0.0016396305654795,0.0024259579897233656,0.001884096971867512,0.1154226339952083,0.002274730262780016
operator_norm,0.12863690185546875,0.059881753055838656,1000,0.18942951445281506,0.08659833841225124,1000,0.15163775360770523,0.07488815430241112,1000,7.037906849384308,4.430331866661592,1000,0.06751986876467708,0.09198968812492883,1000,0.0018936272994019817,0.0027384799096876336,0.002368171373617572,0.1400993948907603,0.002908969357233189
curvature,0.13174872929230333,0.06395678021281193,1000,0.18889178835600615,0.08947147984042919,1000,0.15197416742146014,0.07126225222987717,1000,6.993697656393051,4.145198170508297,1000,0.06452860558382235,0.08375036973735228,1000,0.002022490972832742,0.0028293366192159476,0.0022535102823982487,0.13108267571569224,0.0026484192325127104
stoch_iso,0.13650354932621123,0.06011195169221575,1000,0.197897306419909,0.08058207116431022,1000,0.16276439503766596,0.07068951815658281,1000,7.509927814126015,4.28288517751722,1000,0.07297243962786161,0.09465763359700534,1000,0.0019009068194541466,0.0025482288345299677,0.0022353988407462885,0.13543672117928987,0.002993337200882138
