,rel_mean,rel_mean,rel_mean,rel_max,rel_max,rel_max,rel_fin,rel_fin,rel_fin,abs_fin,abs_fin,abs_fin,mse_fin,mse_fin,mse_fin,rel_mean,rel_max,rel_fin,abs_fin,mse_fin
,mean,std,count,mean,std,count,mean,std,count,mean,std,count,mean,std,count,se,se,se,se,se
method,,,,,,,,,,,,,,,,,,,,
stiefel,0.10855719964951277,0.06230242704565604,1000,0.16025436252169312,0.09411401363493309,1000,0.12534702780656518,0.08129980661467637,1000,5.88273195040226,4.727564000039365,1000,0.055599654576799364,0.10442501245055208,1000,0.0019701757322074837,0.0029761464282653115,0.002570925622336005,0.14949870024340747,0.003302208840351857
vanilla,0.11387886236980557,0.07079618211515946,1000,0.17182066644355654,0.10742831605489792,1000,0.1361269335281104,0.09710397244685254,1000,6.457675043225288,5.975257513212618,1000,0.07555621593567775,0.1978546715909713,1000,0.0022387718512798093,0.003397181639299117,0.0030706972278228763,0.18895423347785528,0.006256714079320799
operator_norm,0.12240829571709037,0.06908815718137667,1000,0.17960992182418703,0.10801843090894538,1000,0.13980487920343876,0.08940821354854613,1000,6.503403823494911,5.025831634532274,1000,0.0659452984490199,0.11891951802930799,1000,0.0021847593603686907,0.003415842709497995,0.0028273359634013125,0.1589307510164894,0.003760565352220715
curvature,0.12447323241084814,0.06453328770237719,1000,0.17687536527216435,0.09222680194108802,1000,0.13568279464170338,0.07484903942033541,1000,6.353438256263733,4.525877372299978,1000,0.05940357430826407,0.09269481742003834,1000,0.002040721740384462,0.002916467554470764,0.0023669344524398905,0.14312080907085786,0.0029312675034077395
stoch_iso,0.12869859309308232,0.05994415802855573,1000,0.18410792971029877,0.08584168543239977,1000,0.14579419749230146,0.07213275653480193,1000,6.7404002648592,4.2524597634217285,1000,0.06201008433301467,0.08246715632351315,1000,0.001895600717913048,0.002714552441540792,0.0022810380455636882,0.13447458510633445,0.002607840461394591
