,rel_mean,rel_mean,rel_mean,rel_max,rel_max,rel_max,rel_fin,rel_fin,rel_fin,abs_fin,abs_fin,abs_fin,mse_fin,mse_fin,mse_fin,rel_mean,rel_max,rel_fin,abs_fin,mse_fin
,mean,std,count,mean,std,count,mean,std,count,mean,std,count,mean,std,count,se,se,se,se,se
method,,,,,,,,,,,,,,,,,,,,
stiefel,0.09990215107239783,0.043862576403097306,1000,0.14755079558864237,0.06437435692473202,1000,0.12402589974738658,0.05603534309943068,1000,5.686133984446526,3.5107433418579284,1000,0.043598743342794476,0.0636596363597004,1000,0.0013870564547694333,0.0020356959079078567,0.001771993136632,0.11101945240542206,0.002013094459147233
vanilla,0.10516291095875203,0.044861480392741696,1000,0.15524001329764725,0.06592935714628646,1000,0.13129288301616907,0.05674851542817809,1000,5.987970897495747,3.4748585235018408,1000,0.046795276018499865,0.062720677765945,1000,0.0014186445724804883,0.002084869332529642,0.0017945456258624819,0.1098846748111555,0.001983401981298675
stoch_iso,0.14175905168056488,0.06371816586532555,1000,0.21194728554785253,0.09159033559484653,1000,0.1838355616442859,0.08292749534689398,1000,8.27744405066967,4.47476332433779,1000,0.08644488622201607,0.10102744507250092,1000,0.002014945324628224,0.002896340721389079,0.0026223976594920003,0.14150444095094186,0.0031947683261665766
curvature,0.1464018477126956,0.05841438185813743,1000,0.2167842003889382,0.08344243858554841,1000,0.18466256516799331,0.07291749259133967,1000,8.327569218158722,4.1391272259842005,1000,0.08443715894944034,0.09043599200064856,1000,0.0018472249478253305,0.002638681594490517,0.0023058535785708675,0.13089069559324554,0.002859837171788172
operator_norm,0.153723191652447,0.058953353713671434,1000,0.22530410703271628,0.08145284978175771,1000,0.1963266507089138,0.07440806412307499,1000,8.805435192108154,4.105397508107018,1000,0.09216125319898129,0.09060589801552163,1000,0.0018642687344074774,0.0025757652722190327,0.0023529895891277633,0.12982406825997755,0.0028652100717397855
