,rel_mean,rel_mean,rel_mean,rel_max,rel_max,rel_max,rel_fin,rel_fin,rel_fin,abs_fin,abs_fin,abs_fin,mse_fin,mse_fin,mse_fin,rel_mean,rel_max,rel_fin,abs_fin,mse_fin
,mean,std,count,mean,std,count,mean,std,count,mean,std,count,mean,std,count,se,se,se,se,se
method,,,,,,,,,,,,,,,,,,,,
stiefel,0.1180874777249992,0.046198083279438744,1000,0.18088815020397306,0.06904796163719935,1000,0.14368100494891406,0.05794744470279178,1000,6.702184862017631,3.859305012096137,1000,0.0583970926112961,0.07401221603476221,1000,0.0014609116669716748,0.002183488265654788,0.0018324590984748093,0.12204194023527472,0.0023404717734628448
vanilla,0.13783349407836795,0.057945380709957604,1000,0.20230937423557044,0.08204212847587883,1000,0.1638133847527206,0.06573238807127721,1000,7.5492682301998135,4.143764706688747,1000,0.07240729095088318,0.08746726355723183,1000,0.0018323938292905068,0.0025943999007193566,0.0020786406234731838,0.13103734560956,0.0027659577354309404
stoch_iso,0.14327047456800937,0.06163143836862152,1000,0.209306347861886,0.07927805635343653,1000,0.17013174835033715,0.07132807116421808,1000,7.867206405580044,4.423444475795684,1000,0.07953147538146003,0.09951135429559894,1000,0.0019489572071713613,0.002506992265480422,0.002255591659855072,0.1398815964680392,0.0031468253262207325
operator_norm,0.14912044567056001,0.0693685384887225,1000,0.2170835471302271,0.09691643328297472,1000,0.18282161997258664,0.08859300439404881,1000,8.462048155426979,5.178815519979714,1000,0.09609332826570607,0.13032438780095063,1000,0.0021936257958141757,0.0030647667187395015,0.0028015567864249965,0.16376852624965138,0.004121219001180666
curvature,0.15874607880786062,0.07460565905307585,1000,0.22733921270817517,0.09991170767300858,1000,0.184481937546283,0.08418846922998391,1000,8.548703699946403,5.164773798411989,1000,0.09739116079057566,0.13965561112302663,1000,0.0023592380894568057,0.003159485611636287,0.002662273154897511,0.1633244880254122,0.004416298191715098
