,rel_mean,rel_mean,rel_mean,rel_max,rel_max,rel_max,rel_fin,rel_fin,rel_fin,abs_fin,abs_fin,abs_fin,mse_fin,mse_fin,mse_fin,rel_mean,rel_max,rel_fin,abs_fin,mse_fin
,mean,std,count,mean,std,count,mean,std,count,mean,std,count,mean,std,count,se,se,se,se,se
method,,,,,,,,,,,,,,,,,,,,
vanilla,0.09946133511327207,0.04892467510447216,1000,0.1447504970654845,0.07206007760123403,1000,0.11765965601615608,0.0629924314170288,1000,5.395737640857696,3.6984957753137735,1000,0.04177653992373962,0.06538490184837807,1000,0.0015471340711386838,0.0022787397358838223,0.0019919955862975893,0.11695670566501876,0.0020676521442742814
stiefel,0.1037125585153699,0.05547018265810552,1000,0.15085530498251318,0.08344233857033011,1000,0.12089886260963977,0.07349284213455125,1000,5.487578295946121,3.943856472097449,1000,0.04458199738455005,0.07295461840793008,1000,0.0017541211942518654,0.002638678431731612,0.002324047728643728,0.1247156921662424,0.002307027599975061
curvature,0.11557410114444792,0.06034651146854091,1000,0.1639912454597652,0.08582234077537375,1000,0.13299946145899594,0.07364450954654242,1000,6.130965291798114,4.617979546612877,1000,0.05751283600658644,0.13583256036449562,1000,0.0019083242508606184,0.002713940709773222,0.0023288438733308804,0.14603333555368403,0.004295402711641173
operator_norm,0.12403016227670013,0.0655805907271551,1000,0.17830830696970223,0.09392296169171122,1000,0.15067509281821548,0.08223558955322449,1000,6.90411996781826,4.817471232901186,1000,0.06919110742851627,0.11556340410732031,1000,0.0020738403699712814,0.002970104835345489,0.0026005176771493796,0.1523418165830724,0.0036544357114158977
stoch_iso,0.12614574367180467,0.060969141877986695,1000,0.18002119636908173,0.0887326685628697,1000,0.14683230404183267,0.07740334908864303,1000,6.759780356764794,4.557905102976758,1000,0.06489097142848187,0.0969293592171372,1000,0.0019280135532039372,0.002805973355234879,0.0024477088164523036,0.14413361484310858,0.00306517547266789
