,rel_mean,rel_mean,rel_mean,rel_max,rel_max,rel_max,rel_fin,rel_fin,rel_fin,abs_fin,abs_fin,abs_fin,mse_fin,mse_fin,mse_fin,rel_mean,rel_max,rel_fin,abs_fin,mse_fin
,mean,std,count,mean,std,count,mean,std,count,mean,std,count,mean,std,count,se,se,se,se,se
method,,,,,,,,,,,,,,,,,,,,
stiefel,0.0958497634101659,0.04868928800862553,1000,0.14302467631362378,0.07186079474396961,1000,0.11675006390176713,0.06456555167594968,1000,5.349157085835934,3.6786062441292735,1000,0.041144622519786934,0.06355231392214575,1000,0.0015396904775918066,0.002272437858608004,0.0020417420168130276,0.1163277434636591,0.002009700625680094
vanilla,0.1009761324878782,0.05413336337101793,1000,0.15206310608237983,0.0857714581843189,1000,0.12093147449754178,0.07871547371267512,1000,5.613690800189972,4.597871364966609,1000,0.05139922377059702,0.10766345058899147,1000,0.0017118472565794724,0.0027123316609633796,0.0024892018403116388,0.14539745901761802,0.003404617246142099
curvature,0.12665883668698372,0.064227808526025,1000,0.17667444743216038,0.08841811550582963,1000,0.14626794423535466,0.07659666096195632,1000,6.629721091985703,4.241646545204647,1000,0.060475366611965,0.08410060564847625,1000,0.0020310616406342104,0.0027960263141827246,0.0024221990980348588,0.1341326411223104,0.002659494664488071
operator_norm,0.12959926218539478,0.06592449116832289,1000,0.18651198204234243,0.09296401108555272,1000,0.15679288355074822,0.08431313593913567,1000,7.1091441863775255,4.526451726062345,1000,0.0693439523918787,0.09167365743379163,1000,0.002084715456795551,0.002939780154554889,0.0026662154623906843,0.14313897173157555,0.0028989755892880817
stoch_iso,0.13563406289741398,0.0633100963877431,1000,0.18833034840971233,0.08444907097752767,1000,0.1583923783376813,0.07319087948694213,1000,7.189306011676789,4.21574016061512,1000,0.06781329446739982,0.08568449421600122,1000,0.002002041034700668,0.002670514105742096,0.002314498831296332,0.13331340930987848,0.002709581618820874
