,rel_mean,rel_mean,rel_mean,rel_max,rel_max,rel_max,rel_fin,rel_fin,rel_fin,abs_fin,abs_fin,abs_fin,mse_fin,mse_fin,mse_fin,rel_mean,rel_max,rel_fin,abs_fin,mse_fin
,mean,std,count,mean,std,count,mean,std,count,mean,std,count,mean,std,count,se,se,se,se,se
method,,,,,,,,,,,,,,,,,,,,
vanilla,0.1057695725876838,0.04972068860421129,1000,0.15697227039188147,0.0719468371477057,1000,0.12229992368258535,0.05748597149840205,1000,5.655703948676586,3.458947888707987,1000,0.042909515081264546,0.05875190688894225,1000,0.0015723062282128589,0.002275158758319622,0.00181786603442473,0.10938153636147849,0.001857898426471948
stiefel,0.10725779882445931,0.05462320912762016,1000,0.15854875033348798,0.08224492677109799,1000,0.12056303287111222,0.06102009260539545,1000,5.534846072673798,3.481791605952052,1000,0.041743428679881615,0.0602425924432247,1000,0.0017273375395097876,0.0026008129459042747,0.0019296247566744774,0.1101039181286396,0.001905038042738379
curvature,0.11984510199725627,0.05851207461103663,1000,0.17262120723724364,0.08389315402067336,1000,0.1367139527965337,0.06899694552787376,1000,6.358407444238662,4.076376753632501,1000,0.05569294527522288,0.07468739235040647,1000,0.0018503142639258656,0.0026529344680064045,0.002181874994626498,0.1289063514244176,0.002361822723259211
operator_norm,0.13105747732520104,0.06590218461799764,1000,0.18769869420677424,0.09187446056812189,1000,0.1547180671095848,0.08269264890957702,1000,7.085794793963433,4.442910176105516,1000,0.06828925716772209,0.08797308983350212,1000,0.0020840100617378616,0.002905325541945925,0.002614971163069025,0.14049715596033235,0.0027819533667646974
stoch_iso,0.1323024330548942,0.06440981863482266,1000,0.19058224410563707,0.09222361955570325,1000,0.1490076865032315,0.07303515359587219,1000,6.920803046345711,4.372388067609267,1000,0.06542595170356799,0.0890446345313477,1000,0.002036817305643967,0.002916366918608681,0.002309574346231929,0.13826705107787574,0.002815838585363387
