,rel_mean,rel_mean,rel_mean,rel_max,rel_max,rel_max,rel_fin,rel_fin,rel_fin,abs_fin,abs_fin,abs_fin,mse_fin,mse_fin,mse_fin,rel_mean,rel_max,rel_fin,abs_fin,mse_fin
,mean,std,count,mean,std,count,mean,std,count,mean,std,count,mean,std,count,se,se,se,se,se
method,,,,,,,,,,,,,,,,,,,,
stiefel,0.08177146688103676,0.038712920187069504,1000,0.12021576094254852,0.0574215407283604,1000,0.10991367553919554,0.05640452860729669,1000,5.097119386613369,3.3295085610288164,1000,0.036186687176581474,0.05059908140486923,1000,0.0012242100266745136,0.0018158285545774283,0.0017836678074718258,0.10528830541880793,0.0016000834475165923
vanilla,0.08379538505896926,0.043639504792633385,1000,0.12480952737107873,0.067714373792509,1000,0.11534525982290507,0.06551336920643872,1000,5.292209547400475,3.459061390535994,1000,0.03902404536283575,0.05638902924666663,1000,0.0013800023110655548,0.002141316515163424,0.0020717146388388417,0.10938512560442944,0.0017831776746531527
stoch_iso,0.09753172279521823,0.05044460443016196,1000,0.14447449991106986,0.08008796529879056,1000,0.13431357469782232,0.0769692094992033,1000,6.1474886990785595,4.030328640541373,1000,0.052752854031743485,0.07026273111472855,1000,0.0015951984566553203,0.002532603835127058,0.0024339801172015042,0.12745018223120777,0.002221902649465238
operator_norm,0.0998613773174584,0.050841681362241646,1000,0.14624664906598628,0.07892670986187304,1000,0.1350923448819667,0.07406538182373824,1000,6.170145888984203,3.900575870210474,1000,0.05202146265417105,0.06465322949958073,1000,0.001607755131772158,0.0024958817138679245,0.002342153023330486,0.12334703936158417,0.002044514633042634
curvature,0.10067617201805115,0.05459724236627979,1000,0.1474813406933099,0.08878727338669852,1000,0.13719709017686546,0.08541958780013101,1000,6.257944338142872,4.212527616628415,1000,0.05555616284057032,0.07630077427199657,1000,0.0017265163984168516,0.002807700111380192,0.0027012045424114573,0.13321181974906382,0.0024128423393388497
