,rel_mean,rel_mean,rel_mean,rel_max,rel_max,rel_max,rel_fin,rel_fin,rel_fin,abs_fin,abs_fin,abs_fin,mse_fin,mse_fin,mse_fin,rel_mean,rel_max,rel_fin,abs_fin,mse_fin
,mean,std,count,mean,std,count,mean,std,count,mean,std,count,mean,std,count,se,se,se,se,se
method,,,,,,,,,,,,,,,,,,,,
stiefel,0.07584299704059959,0.0375502587016206,1000,0.11382260688208043,0.05657090249191119,1000,0.10394225251302124,0.05511502782567683,1000,4.842787702381611,3.2941060079508997,1000,0.033489136621472425,0.049026965631718655,1000,0.0011874434422567812,0.0017889290116573447,0.0017428902123269646,0.10416877839169572,0.0015503687816302682
vanilla,0.0800842698533088,0.038988355873998945,1000,0.12159191686287522,0.06282958131432033,1000,0.11111044762283563,0.06300384502597746,1000,5.115625983476638,3.4481086623599695,1000,0.037155461852555166,0.05494814328618184,1000,0.0012329200678704148,0.001986845813880078,0.0019923565163035917,0.10903876992814004,0.0017376128598162396
curvature,0.09638294400833547,0.04768196459063141,1000,0.14010863335430623,0.0713760403947904,1000,0.1298955881036818,0.06776495634125942,1000,5.965609438538551,3.786050205949541,1000,0.04873861138307257,0.06631806519474029,1000,0.0015078361141789341,0.002257108580117215,0.002142916075802502,0.11972541986550125,0.0020971613603091737
operator_norm,0.10617827394604683,0.05406757349407126,1000,0.15772969509661197,0.0843412304981027,1000,0.14409075085073708,0.0784425855641838,1000,6.617744807243347,4.260841374219488,1000,0.0604796492070891,0.0814112700953743,1000,0.0017097667979981354,0.0026671038903526216,0.0024805723593546505,0.13473963491215427,0.0025744504070853618
stoch_iso,0.10851150034181774,0.05285486229827831,1000,0.16294112469628452,0.08043532002624922,1000,0.15352617706358432,0.07835257813115268,1000,6.972415778160095,4.15120171999399,1000,0.06428693869104608,0.08092071528515725,1000,0.0016714175027712141,0.0025435881560750217,0.0024777260744074164,0.13127252461989547,0.0025589377019109866
