,rel_mean,rel_mean,rel_mean,rel_max,rel_max,rel_max,rel_fin,rel_fin,rel_fin,abs_fin,abs_fin,abs_fin,mse_fin,mse_fin,mse_fin,rel_mean,rel_max,rel_fin,abs_fin,mse_fin
,mean,std,count,mean,std,count,mean,std,count,mean,std,count,mean,std,count,se,se,se,se,se
method,,,,,,,,,,,,,,,,,,,,
stiefel,0.08125708486326039,0.04274860865369113,1000,0.12212361485511064,0.06704814732499786,1000,0.11410675537213683,0.06516059119507096,1000,5.26037987357378,3.591146868062397,1000,0.03960452737793094,0.056280777941968466,1000,0.0013518297014884812,0.00212024858441519,0.002060558818595373,0.1135620351525736,0.0017797544678278417
vanilla,0.08506847650930285,0.046850936613170586,1000,0.12791947408020496,0.07401924632274359,1000,0.1187800316233188,0.0704559309510094,1000,5.463144310355187,3.7996769688910716,1000,0.04323149697476765,0.06411583901587048,1000,0.0014815567020979414,0.0023406940906891254,0.002228012164727429,0.12015633594580538,0.002027520853828394
curvature,0.10452055448852479,0.057450781543380514,1000,0.15490874765068294,0.08734136597693944,1000,0.14400598132051529,0.08517177632604941,1000,6.60311196577549,4.4106232091895095,1000,0.061557843358139505,0.08191646329854788,1000,0.0018167532303384605,0.0027619765043746616,0.002693368055527241,0.1394761524184015,0.002590426018890009
stoch_iso,0.11546153634972871,0.059027838510646316,1000,0.168930310331285,0.08789730036407117,1000,0.15834402383677662,0.08650074196171711,1000,7.2583299368023875,4.637016114003658,1000,0.0724255568315857,0.09463368984115827,1000,0.001866624150502436,0.0027795566933041223,0.0027353936389352754,0.14663532467154558,0.002992580032839981
operator_norm,0.12707554725185036,0.06324104807246902,1000,0.18792289774864912,0.09782383426849516,1000,0.17538827072456478,0.09557775349034867,1000,7.996328566372394,4.979267874358824,1000,0.0866304545798921,0.11153249772819655,1000,0.0019998575352520335,0.003093461257392762,0.0030224339467160993,0.15745827563079,0.003526967259486565
