,rel_mean,rel_mean,rel_mean,rel_max,rel_max,rel_max,rel_fin,rel_fin,rel_fin,abs_fin,abs_fin,abs_fin,mse_fin,mse_fin,mse_fin,rel_mean,rel_max,rel_fin,abs_fin,mse_fin
,mean,std,count,mean,std,count,mean,std,count,mean,std,count,mean,std,count,se,se,se,se,se
method,,,,,,,,,,,,,,,,,,,,
stiefel,0.10062150665000082,0.048788224009136516,1000,0.15139232152700424,0.07466705186086878,1000,0.12361636200174689,0.06763029807817775,1000,5.741710361838341,4.198150332544838,1000,0.04938874988933094,0.09323105653200812,1000,0.0015428191086338298,0.0023611795005025918,0.0021386578076315,0.13275717010634994,0.0029482248730506454
vanilla,0.10799883899651468,0.051221405668981985,1000,0.16359212461486458,0.07993293111094686,1000,0.13965916477888823,0.07333170481212023,1000,6.328045669555664,4.0474790895042885,1000,0.05508776085544378,0.07962314949556838,1000,0.0016197630686944373,0.002527701223639253,0.0023189521190942987,0.12799252704738065,0.0025179050688208305
curvature,0.11306100994348527,0.05622758113618179,1000,0.16520632791891693,0.08295206164172914,1000,0.13296597183123232,0.07319799252523547,1000,6.122780448675155,4.253311010033186,1000,0.05425879304634873,0.08394563471596438,1000,0.0017780722371225266,0.002623174513945504,0.0023147237653172413,0.1345015038877615,0.0026545940533094932
operator_norm,0.11955556086823345,0.051718287844104954,1000,0.17713952227309346,0.07811683357356179,1000,0.14651339351199566,0.06600800713166508,1000,6.64122004210949,3.8319694539279605,1000,0.057397567776963115,0.07341043508549183,1000,0.0016354758627157096,0.002470271176927657,0.0020873564634469955,0.12117751398604014,0.0023214417889409183
stoch_iso,0.12107551453076303,0.05770799038162949,1000,0.17621570673957468,0.08321703156992126,1000,0.141978570189327,0.07177318576544857,1000,6.492124316632748,4.240788971694608,1000,0.058705063101369886,0.08594452790588453,1000,0.0018248868879703866,0.0026315535987908876,0.0022696674194519315,0.1341055222667829,0.002717804606104965
