,rel_mean,rel_mean,rel_mean,rel_max,rel_max,rel_max,rel_fin,rel_fin,rel_fin,abs_fin,abs_fin,abs_fin,mse_fin,mse_fin,mse_fin,rel_mean,rel_max,rel_fin,abs_fin,mse_fin
,mean,std,count,mean,std,count,mean,std,count,mean,std,count,mean,std,count,se,se,se,se,se
method,,,,,,,,,,,,,,,,,,,,
stiefel,0.08578794826567172,0.038196627986372515,1000,0.12900469851866364,0.060255973719833086,1000,0.11879492356069386,0.0589907988871009,1000,5.464677270352841,3.3931987054348762,1000,0.04039548953581834,0.05408990655991176,1000,0.001207883433750681,0.0019054611958592112,0.0018654528547616487,0.10730236462708974,0.0017104730315500405
vanilla,0.09507204222865402,0.042974589816738115,1000,0.14348778545856475,0.06891970913944521,1000,0.1341270031388849,0.06849968205730297,1000,6.155213880062103,3.8347493016765135,1000,0.05134497541422024,0.06852653847881172,1000,0.0013589758533237048,0.0021794325655697007,0.0021661501429844597,0.12126542049037932,0.0021669994176021514
stoch_iso,0.10376495692878962,0.05104524768405459,1000,0.1529299329519272,0.07635247710826304,1000,0.14066802764870226,0.0729643744120409,1000,6.459672771930695,4.064491909709059,1000,0.056866159150958995,0.07651918336618432,1000,0.0016141924640904754,0.002414477326579778,0.0023073361119135827,0.1285305196600807,0.0024197490413321253
operator_norm,0.10520386919379235,0.05048824274772533,1000,0.1542716572470963,0.07630866594881612,1000,0.14339601425640286,0.07089053474891309,1000,6.597423802793026,4.069970586665248,1000,0.058666110189340544,0.07739000531432026,1000,0.0015965784214229,0.002413091896071927,0.0022417555435387806,0.12870377063753904,0.0024472868492578714
curvature,0.11239565164409578,0.05091194205880507,1000,0.16741373498365283,0.08211218170358199,1000,0.16013395464420319,0.08204282625012291,1000,7.272798749208451,4.287201864081537,1000,0.06958527461544145,0.09155983197898729,1000,0.0016099769700834619,0.0025966151782892406,0.002594421966278396,0.13557322679417277,0.002895376112359219
