,rel_mean,rel_mean,rel_mean,rel_max,rel_max,rel_max,rel_fin,rel_fin,rel_fin,abs_fin,abs_fin,abs_fin,mse_fin,mse_fin,mse_fin,rel_mean,rel_max,rel_fin,abs_fin,mse_fin
,mean,std,count,mean,std,count,mean,std,count,mean,std,count,mean,std,count,se,se,se,se,se
method,,,,,,,,,,,,,,,,,,,,
stiefel,0.12154395803064108,0.057607522397160604,1000,0.18172561045363544,0.08181392613733639,1000,0.14415403542667626,0.06565985955650713,1000,6.6783368256092075,4.033127842711395,1000,0.05942386434192304,0.07951175206439591,1000,0.0018217098113419055,0.0025871835091476475,0.0020763470704533576,0.12753870077609333,0.002514382372740862
vanilla,0.12690506824292241,0.06204516735616141,1000,0.1939681839570403,0.09038243249096685,1000,0.16046664769016206,0.07060216084755537,1000,7.315259162902832,4.017941409745105,1000,0.068008521535201,0.08139237893142916,1000,0.001962040466517976,0.0028581434713786115,0.0022326363600783895,0.1270584635990239,0.002573853016028179
curvature,0.15293701725825667,0.06564236179842588,1000,0.2184140192568302,0.08873139714521558,1000,0.17863044974580408,0.078964510181985,1000,8.259590501070022,4.812014521163707,1000,0.08921207350119949,0.11193267431977201,1000,0.0020757937427585238,0.0028059331494784353,0.002497077064946297,0.15216926020681834,0.0035396219544431787
stoch_iso,0.15717096835002303,0.06925562679317247,1000,0.22923766820132732,0.08987901801163073,1000,0.18533294179290533,0.08310451548331817,1000,8.60327459037304,5.018439555285642,1000,0.09685144934838172,0.12454721265593702,1000,0.0021900552144900796,0.0028422241077605127,0.0026279955277201425,0.15869699294585124,0.003938528682181101
operator_norm,0.1585397608950734,0.06663645788203118,1000,0.22714982008188964,0.08632421469388028,1000,0.1849823704250157,0.07573380004596683,1000,8.518418132066726,4.704807948541454,1000,0.09245754915708676,0.11243622591284776,1000,0.002107229821130983,0.002729811356580366,0.002394913040050199,0.14877909071055262,0.003555545653978435
