,rel_mean,rel_mean,rel_mean,rel_max,rel_max,rel_max,rel_fin,rel_fin,rel_fin,abs_fin,abs_fin,abs_fin,mse_fin,mse_fin,mse_fin,rel_mean,rel_max,rel_fin,abs_fin,mse_fin
,mean,std,count,mean,std,count,mean,std,count,mean,std,count,mean,std,count,se,se,se,se,se
method,,,,,,,,,,,,,,,,,,,,
stiefel,0.10839141779206693,0.055046697354358465,1000,0.15931324949115513,0.08168911967584871,1000,0.13036766640096903,0.07398790847407273,1000,6.034987502396107,4.412430345563819,1000,0.054561666120425796,0.09655272600490122,1000,0.001740729413097376,0.002583236782297576,0.0023397031009014294,0.13953329908825507,0.0030532652847365766
vanilla,0.11018898286856711,0.06423596634337461,1000,0.16671310836821795,0.09989614036765883,1000,0.14180905070528388,0.08895664044014569,1000,6.566697355747223,5.269238160401522,1000,0.06919787113915664,0.14701451604282403,1000,0.002031319613469814,0.0031589933302169216,0.0028130559678750376,0.16662794120744462,0.004649007198026882
curvature,0.1367461676262319,0.060309412176917127,1000,0.19602348259836436,0.0876206645528656,1000,0.15926462899148464,0.07625547967503322,1000,7.317414541363716,4.64931608360982,1000,0.0733780070648063,0.10521952973571096,1000,0.0019071510682495186,0.002770808700846343,0.0024114099984178148,0.14702428386260877,0.0033273336829666125
stoch_iso,0.14159812676534056,0.06569845462906299,1000,0.20441515332087876,0.09325990389725124,1000,0.16886607709527016,0.08706838150596422,1000,7.8259809914827345,5.376130104780463,1000,0.08800766628654674,0.15079514367382374,1000,0.002077567553810717,0.0029491371068372757,0.0027533439774332833,0.17000816128505947,0.004768561141016139
operator_norm,0.14281416816264392,0.0634067509339761,1000,0.20353586373478175,0.08646553027369448,1000,0.16908762440085412,0.07933775669951951,1000,7.704211311817169,4.6378463103933,1000,0.07894822295557243,0.10365875812397105,1000,0.0020050975198237318,0.0027342801475911675,0.0025088801561876472,0.14666157778651076,0.0032779777509623115
