,rel_mean,rel_mean,rel_mean,rel_max,rel_max,rel_max,rel_fin,rel_fin,rel_fin,abs_fin,abs_fin,abs_fin,mse_fin,mse_fin,mse_fin,rel_mean,rel_max,rel_fin,abs_fin,mse_fin
,mean,std,count,mean,std,count,mean,std,count,mean,std,count,mean,std,count,se,se,se,se,se
method,,,,,,,,,,,,,,,,,,,,
stiefel,0.08923359228856861,0.040941903256769115,1000,0.13398090942949056,0.064190765332035,1000,0.12457272998988628,0.0616689614886824,1000,5.7127523032426835,3.488037306435308,1000,0.04374001630232669,0.05845127093997218,1000,0.0012946966603365599,0.0020298902319860514,0.001950143792414445,0.11030142451974263,0.0018483914830192323
curvature,0.10647580019384623,0.05109675398891156,1000,0.15729128815606236,0.07909274772957532,1000,0.1463283750116825,0.07419665231300689,1000,6.648907228589058,3.8780583689454,1000,0.05784400826203637,0.06871155527209924,1000,0.0016158212364625454,0.0025011322922656935,0.002346304160687022,0.12263497344945061,0.0021728501623238428
vanilla,0.10994023875705898,0.04499899428903794,1000,0.16228416316583752,0.06896004699171078,1000,0.15088541366904973,0.06726157292910732,1000,6.996412295460701,4.15771006681378,1000,0.06466704224655405,0.08358142503218947,1000,0.0014229931437026917,0.0021807081604604864,0.0021269976946150233,0.13147833661742397,0.0026430767318433093
operator_norm,0.11076704265736044,0.056325152675614235,1000,0.16391847752407193,0.08496234167849037,1000,0.15308892641589045,0.08292423068415118,1000,7.033461732029915,4.49132370641527,1000,0.06798964906530455,0.08769064560907086,1000,0.0017811577201166811,0.002686745150454829,0.0026222944217914055,0.14202812621381652,0.002773021696153072
stoch_iso,0.11840602239221334,0.05678614568648498,1000,0.17441296852752566,0.0858824171491446,1000,0.1607570680938661,0.0792249420434038,1000,7.375785249233246,4.381263415364182,1000,0.07185398601659108,0.0873638727103736,1000,0.0017957355991143845,0.002715840491520017,0.0025053126435199045,0.13854771421719167,0.002762688229778084
