,rel_mean,rel_mean,rel_mean,rel_max,rel_max,rel_max,rel_fin,rel_fin,rel_fin,abs_fin,abs_fin,abs_fin,mse_fin,mse_fin,mse_fin,rel_mean,rel_max,rel_fin,abs_fin,mse_fin
,mean,std,count,mean,std,count,mean,std,count,mean,std,count,mean,std,count,se,se,se,se,se
method,,,,,,,,,,,,,,,,,,,,
vanilla,0.09989617435075343,0.04991217449400175,1000,0.15303454915434123,0.0774390769134585,1000,0.12196904814057052,0.06991143352725915,1000,5.671211395859718,3.9644076246671522,1000,0.0467416506515583,0.06883867157612834,1000,0.0015783615437280772,0.002448838629474907,0.0022107936443359825,0.12536557667286125,0.0021768699328085866
stiefel,0.10254947870410978,0.05050207209505029,1000,0.15698956624418497,0.08075535406148437,1000,0.12536879012547433,0.07356919425566735,1000,5.847841841816902,4.299654312304301,1000,0.051431439805659465,0.08788647635113625,1000,0.0015970157437839043,0.0025537085208761985,0.0023264621947128475,0.13596700778246526,0.0027792144079611474
curvature,0.11750966506078839,0.05824121674430282,1000,0.17097133596614003,0.0833792227810783,1000,0.133581015560776,0.06860312341700547,1000,6.207208665490151,4.106232014997781,1000,0.05407589819852728,0.08101311646477145,1000,0.0018417489861153335,0.0026366825352280633,0.0021694212459937062,0.12985045768495673,0.0025618596837716587
operator_norm,0.1283129596747458,0.06708265691427397,1000,0.18550435369461774,0.09517283249514856,1000,0.14954956494271754,0.07765363372142921,1000,6.846568164825439,4.296969200487646,1000,0.06379001566988882,0.08545004407378863,1000,0.0021213398734474843,0.003009629220543555,0.002455623511481735,0.13588209709133664,0.002702167654349452
stoch_iso,0.12868477808684112,0.0608097607751307,1000,0.19013125836104156,0.08856519497871096,1000,0.15283773851394652,0.07666900635240707,1000,7.122325069308281,4.686886385376495,1000,0.0709691909761168,0.10721169384035213,1000,0.001922973480193792,0.0028006773754963438,0.0024244868601552448,0.14821236112223415,0.003390331443401574
