,rel_mean,rel_mean,rel_mean,rel_max,rel_max,rel_max,rel_fin,rel_fin,rel_fin,abs_fin,abs_fin,abs_fin,mse_fin,mse_fin,mse_fin,rel_mean,rel_max,rel_fin,abs_fin,mse_fin
,mean,std,count,mean,std,count,mean,std,count,mean,std,count,mean,std,count,se,se,se,se,se
method,,,,,,,,,,,,,,,,,,,,
stiefel,0.09949917103908956,0.04115692439804908,1000,0.15830674098432065,0.05896701703091902,1000,0.12482881492003799,0.05076245567894458,1000,5.8284841349124905,3.3614669649951803,1000,0.04419862107676454,0.05773950469093338,1000,0.0013014962258518952,0.0018647008064364358,0.0016052497956881393,0.10629891888798262,0.0018258834579332596
vanilla,0.1049462316930294,0.04939955691583271,1000,0.162666998796165,0.07344044267058225,1000,0.13012126106396318,0.06117846881731125,1000,6.04438777923584,3.7059829357535787,1000,0.04907734255376272,0.06927127292527979,1000,0.0015621511525715415,0.0023223907121005887,0.0019346330522429119,0.11719347046698768,0.0021905499886303898
curvature,0.12401690866053104,0.05547003389895403,1000,0.182111556366086,0.07816877329295153,1000,0.14490534611046313,0.06435973883179559,1000,6.723096524238587,3.952697935867734,1000,0.05938303075055592,0.07609488985045919,1000,0.0017541164900744504,0.0024719136550706727,0.0020352336432205853,0.124995283799882,0.0024063317022708064
operator_norm,0.1317891018688679,0.055103398260002566,1000,0.19890951240062713,0.08486010328249044,1000,0.14961630477383733,0.06505725101819179,1000,6.970329733729362,4.112282371280288,1000,0.06394477742922026,0.0828263081006243,1000,0.0017425224531696726,0.0026835120884980087,0.0020572909152679446,0.13004178675003902,0.002619197837808275
stoch_iso,0.1414224516749382,0.05574378386235021,1000,0.21203675999492408,0.07738314343931049,1000,0.16593971337378025,0.06486553056723457,1000,7.730197929263115,4.276844744990855,1000,0.07620026303606574,0.09618123475005401,1000,0.001762773224011647,0.0024470698577173686,0.0020512281822773503,0.1352457059309311,0.0030415176997750644
