,rel_mean,rel_mean,rel_mean,rel_max,rel_max,rel_max,rel_fin,rel_fin,rel_fin,abs_fin,abs_fin,abs_fin,mse_fin,mse_fin,mse_fin,rel_mean,rel_max,rel_fin,abs_fin,mse_fin
,mean,std,count,mean,std,count,mean,std,count,mean,std,count,mean,std,count,se,se,se,se,se
method,,,,,,,,,,,,,,,,,,,,
vanilla,0.11304991165176034,0.045931032349277694,1000,0.1756898083165288,0.06395208136123773,1000,0.14139913334324955,0.0512808186082751,1000,6.481015082597732,3.2985228386433603,1000,0.05163372011855245,0.06008997639211177,1000,0.00145246677506592,0.0020223423820991265,0.0016216418708009529,0.10430845084197087,0.0019002118994482036
stiefel,0.11396801305934787,0.047902930050057156,1000,0.17167915496602654,0.06819096685094575,1000,0.13972970847040414,0.05786171543491412,1000,6.440125483751297,3.6186515896487275,1000,0.05327808694983833,0.06936947787736547,1000,0.001514823655539043,0.0021563877109802825,0.0018297481009884882,0.11443181081878964,0.0021936555018913745
curvature,0.14055198748782277,0.06373875866399552,1000,0.20462367497384548,0.08395249424790244,1000,0.16843695007264614,0.0719719917588454,1000,7.750904051542282,4.400396016677798,1000,0.07755921412387397,0.09888290282148371,1000,0.0020155965261001675,0.0026548109707555624,0.0022759542169681953,0.13915274019434123,0.0031269519456497874
stoch_iso,0.14856767183169722,0.062783910110843,1000,0.22369048748910428,0.0836644572035065,1000,0.18042106811329722,0.07014863377179052,1000,8.22913217842579,4.173312194204347,1000,0.0831227875619661,0.09168922527914117,1000,0.0019854015636153848,0.0026457024396476206,0.0022182945746786627,0.13197171920640688,0.0028994678877837395
operator_norm,0.15204401346296073,0.07455298830774278,1000,0.21790653224289416,0.09863405329942432,1000,0.18289854411780834,0.0800302505658865,1000,8.34214147913456,4.598603169902649,1000,0.08859114094660617,0.10540953288737913,1000,0.0023575724942436938,0.0031190826328062675,0.002530778735021807,0.1454206007216264,0.003333342110185431
