,rel_mean,rel_mean,rel_mean,rel_max,rel_max,rel_max,rel_fin,rel_fin,rel_fin,abs_fin,abs_fin,abs_fin,mse_fin,mse_fin,mse_fin,rel_mean,rel_max,rel_fin,abs_fin,mse_fin
,mean,std,count,mean,std,count,mean,std,count,mean,std,count,mean,std,count,se,se,se,se,se
method,,,,,,,,,,,,,,,,,,,,
vanilla,0.10855504482239485,0.05007206540304552,1000,0.16307765953242778,0.07534741269735819,1000,0.12478194200247526,0.06368323242972543,1000,5.811446833968162,3.889476276099532,1000,0.04774005076393951,0.07447972815784898,1000,0.0015834177382254085,0.0023826943992434307,0.002013840632398312,0.1229960393766445,0.0023552558048897964
stiefel,0.11206603824347258,0.05425829051576579,1000,0.16822760255262256,0.07942492891013465,1000,0.12843224337510764,0.06513864316988395,1000,5.985511288881302,4.017718837269457,1000,0.050734636375447735,0.0806035364853803,1000,0.0017157977997693202,0.0025116367835298047,0.002059864761098036,0.1270514252393488,0.00254890762758285
curvature,0.13136766546964646,0.055177531835472346,1000,0.1929745968580246,0.07656292152225311,1000,0.1551741695255041,0.0622965648764166,1000,7.1415957213640215,3.802509406629383,1000,0.06391309395176359,0.07560692736775684,1000,0.0017448667626654376,0.0024211321632704582,0.001969990354139223,0.12024590549164219,0.0023909009736903073
stoch_iso,0.13902086881548167,0.058377472365148585,1000,0.20346124013513325,0.07783402368588357,1000,0.16715615981072188,0.06905835833201292,1000,7.681647833228111,4.145127278762156,1000,0.07438731569633819,0.08738142437966971,1000,0.001846057767174063,0.0024613279430288613,0.0021838170380122732,0.13108043392184113,0.002763243262295221
operator_norm,0.14409876776859165,0.061846600427377205,1000,0.21240874841809274,0.08328086640410369,1000,0.1704554745219648,0.06802595603306341,1000,7.84473876786232,4.146475406926772,1000,0.07687108484469354,0.08971306350974496,1000,0.0019557612288885508,0.0026335722334916442,0.0021511696107495283,0.1311230654776212,0.0028369761656213354
