,rel_mean,rel_mean,rel_mean,rel_max,rel_max,rel_max,rel_fin,rel_fin,rel_fin,abs_fin,abs_fin,abs_fin,mse_fin,mse_fin,mse_fin,rel_mean,rel_max,rel_fin,abs_fin,mse_fin
,mean,std,count,mean,std,count,mean,std,count,mean,std,count,mean,std,count,se,se,se,se,se
method,,,,,,,,,,,,,,,,,,,,
vanilla,0.1141867348253727,0.050579008717227154,1000,0.17103653036430477,0.0747757888602969,1000,0.13094013907387853,0.05907275136851329,1000,6.08378012239933,3.7629605530684,1000,0.04995907506113872,0.07154609253579358,1000,0.0015994486933994915,0.0023646180663438447,0.0018680444197733063,0.11899526093063051,0.002262486100982797
stiefel,0.11956431605294347,0.058084344950102784,1000,0.17852328534051776,0.08306959893327022,1000,0.1393757017329335,0.06344800744788277,1000,6.406259035468102,3.801738299162376,1000,0.05417862875049468,0.07179605392795424,1000,0.0018367882644122406,0.0026268913694582744,0.0020064021653463664,0.12022152093247714,0.002270390574246139
curvature,0.13984655825793743,0.056098395884637095,1000,0.2055893153101206,0.07351675513717618,1000,0.16720679865404964,0.060741894767333174,1000,7.665133415937424,3.8614205324076076,1000,0.07192375764762983,0.08273734095812557,1000,0.0017739870407726963,0.002324803924183612,0.0019208273685903628,0.12210883886148068,0.0026163844497361474
stoch_iso,0.1489677538499236,0.06074480935489075,1000,0.21964882922917606,0.07631693626823385,1000,0.1835518030822277,0.0706614764649811,1000,8.456955386877059,4.45109600312562,1000,0.08917240019631573,0.10233593652064348,1000,0.0019209195359415822,0.002413353426535299,0.0022345120845972343,0.14075601453948913,0.0032361464589164023
operator_norm,0.15237755416333676,0.062210156669458436,1000,0.22603668198734522,0.07976893425342459,1000,0.18388675406575203,0.068868251979912,1000,8.442593841314316,4.288579090445394,1000,0.08754971589706838,0.09872901621626459,1000,0.0019672578867140334,0.002522515187650448,0.002177805347309225,0.13561677851580697,0.0031220856239109517
