,rel_mean,rel_mean,rel_mean,rel_max,rel_max,rel_max,rel_fin,rel_fin,rel_fin,abs_fin,abs_fin,abs_fin,mse_fin,mse_fin,mse_fin,rel_mean,rel_max,rel_fin,abs_fin,mse_fin
,mean,std,count,mean,std,count,mean,std,count,mean,std,count,mean,std,count,se,se,se,se,se
method,,,,,,,,,,,,,,,,,,,,
stiefel,0.08039978106878698,0.04005601645540881,1000,0.12157815708965063,0.06169975823546127,1000,0.1119327496290207,0.0595962554315706,1000,5.182962333619595,3.4812918780235824,1000,0.03805700433347374,0.05538104995227647,1000,0.0012666824599227627,0.0019511176710578916,0.0018845990718094415,0.11008811534399597,0.0017513025706075297
vanilla,0.08743355260603129,0.04461215642473278,1000,0.13139290674217044,0.06663373385437367,1000,0.12336120189912617,0.06559525158207812,1000,5.713121496319771,3.81762718283843,1000,0.04609322299831547,0.06385682475422672,1000,0.001410760256338697,0.002107143679812913,0.002074303986911302,0.12072397155141512,0.002019330103695783
curvature,0.09558193695545196,0.047568437652441474,1000,0.14193269719742238,0.07453200806676806,1000,0.13295158299058676,0.07255528284343288,1000,6.08833282828331,3.8922549397892077,1000,0.05097880428598728,0.06470739933798522,1000,0.0015042460771742807,0.0023569090407703007,0.0022943995006298587,0.12308390843775432,0.0020462276337410486
stoch_iso,0.10359069984965026,0.05156332889976112,1000,0.1504842689689249,0.07697956296568968,1000,0.13960570632107555,0.07454524279504188,1000,6.438855844259262,4.220822545745706,1000,0.05786757031525485,0.07949150971880115,1000,0.0016305756306362917,0.002434307522559256,0.0023573275596258875,0.1334741284394667,0.002513742253568225
operator_norm,0.10813864969275892,0.05412211959641402,1000,0.15714499237574636,0.08000043389729782,1000,0.14738565229810774,0.0774038365034195,1000,6.7342426623106,4.1804625371537165,1000,0.061336733111413196,0.077453449948276,1000,0.0017114916972070131,0.0025298358491720203,0.002447724229860892,0.1321978329041202,0.0024492931447440292
