,rel_mean,rel_mean,rel_mean,rel_max,rel_max,rel_max,rel_fin,rel_fin,rel_fin,abs_fin,abs_fin,abs_fin,mse_fin,mse_fin,mse_fin,rel_mean,rel_max,rel_fin,abs_fin,mse_fin
,mean,std,count,mean,std,count,mean,std,count,mean,std,count,mean,std,count,se,se,se,se,se
method,,,,,,,,,,,,,,,,,,,,
stiefel,0.10515326347015798,0.04527566504760581,1000,0.15733123468980192,0.07110156750132218,1000,0.1253134976066649,0.05890179211801413,1000,5.774092738747597,3.5942991965303266,1000,0.04516231904039159,0.06178489583489693,1000,0.0014317422412931018,0.002248428985123852,0.00186263821358678,0.11366172053149007,0.001953809958345249
vanilla,0.11956248477846385,0.05555936113457889,1000,0.1746548081152141,0.08366940903375363,1000,0.14878560136817395,0.0767959332512195,1000,6.809582950115204,4.430863436983936,1000,0.06443685369042214,0.09507830009671753,1000,0.0017569412652910614,0.002645859030269295,0.0024285006411211346,0.14011620462031185,0.003006639843626349
stoch_iso,0.12451902163401246,0.05607534871361685,1000,0.18025949903205038,0.07890908884481132,1000,0.14704160944372416,0.06967579467174792,1000,6.7398173425197605,4.145815623962113,1000,0.061128649433725514,0.0838496803357122,1000,0.0017732582252322224,0.002495324488381887,0.0022033420894494744,0.1311022013083242,0.0026515597093788256
operator_norm,0.12710327054932713,0.057949784019512424,1000,0.18463038663566111,0.08611821994504268,1000,0.15282405466400087,0.08093113076440892,1000,7.004655267834663,4.615998804852444,1000,0.06870247367501725,0.10001964284970398,1000,0.0018325330741648669,0.002723297230656754,0.0025592670682845617,0.14597069899948822,0.003162898821616389
curvature,0.13856988502852619,0.062331134539582424,1000,0.19753027027845382,0.08860151374023673,1000,0.1690169267617166,0.08397361624322522,1000,7.699727214097977,4.863800498139514,1000,0.08097529057855718,0.12256150656370686,1000,0.0019710835428747115,0.0028018258755785233,0.0026554789068950367,0.15380687658782422,0.003875735142029904
