,rel_mean,rel_mean,rel_mean,rel_max,rel_max,rel_max,rel_fin,rel_fin,rel_fin,abs_fin,abs_fin,abs_fin,mse_fin,mse_fin,mse_fin,rel_mean,rel_max,rel_fin,abs_fin,mse_fin
,mean,std,count,mean,std,count,mean,std,count,mean,std,count,mean,std,count,se,se,se,se,se
method,,,,,,,,,,,,,,,,,,,,
stiefel,0.10914866296947003,0.052183792502186035,1000,0.16490760394185783,0.07377498240759268,1000,0.1296790770739317,0.06029995004478736,1000,5.990043467879295,3.6142547955534488,1000,0.04778358978230972,0.06269881874052025,1000,0.0016501964125252508,0.0023329697874684553,0.0019068518493590033,0.11429277198135104,0.001982710738220937
vanilla,0.11276620553620159,0.06031296944143621,1000,0.1690333046466112,0.09077590425243535,1000,0.13082505646348,0.06884770820876249,1000,6.0345969951152805,4.031946532937539,1000,0.0514225561011117,0.08001569848051333,1000,0.0019072635588307186,0.002870586140990601,0.0021771556962236075,0.1275013444810173,0.0025303185576769625
curvature,0.14041836294159293,0.06625381702167095,1000,0.19680207413062453,0.08800853523752467,1000,0.15789287500828506,0.07204915473927737,1000,7.24091144824028,4.2586495100834805,1000,0.06889527202886529,0.08740835791006261,1000,0.0020951296546851354,0.002783074248857659,0.002278394324660315,0.13467032208224003,0.002764094975309931
operator_norm,0.14481024564057587,0.06929928472917474,1000,0.20739241434261202,0.0924069299243073,1000,0.16620737232267857,0.07512704838891998,1000,7.602815662980079,4.3215792656445675,1000,0.07466814194037578,0.09153996432289857,1000,0.00219143579964717,0.0029221637014438186,0.002375725867946705,0.13666033568394687,0.002894747841909126
stoch_iso,0.14969799946434795,0.06464204272857263,1000,0.21081252318248153,0.08582950640230658,1000,0.16949418213032186,0.07003668369182856,1000,7.778688167095185,4.239842241397715,1000,0.07662722261087038,0.09014327126029517,1000,0.0020441608762821507,0.00271416730679293,0.002214754402309485,0.13407558402610223,0.002850580529209297
