,rel_mean,rel_mean,rel_mean,rel_max,rel_max,rel_max,rel_fin,rel_fin,rel_fin,abs_fin,abs_fin,abs_fin,mse_fin,mse_fin,mse_fin,rel_mean,rel_max,rel_fin,abs_fin,mse_fin
,mean,std,count,mean,std,count,mean,std,count,mean,std,count,mean,std,count,se,se,se,se,se
method,,,,,,,,,,,,,,,,,,,,
stiefel,0.10575887821242214,0.04136010989711291,1000,0.17009959934279323,0.057604552482199284,1000,0.13610064735263586,0.053101307374170896,1000,6.3443024666309356,3.5694802948221587,1000,0.051736935877939684,0.0652569966258948,1000,0.0013079215154974924,0.0018216158943845577,0.0016792107803507506,0.11287687794727352,0.0020636074259975045
vanilla,0.11142417320609092,0.05036416473261598,1000,0.1734580253660679,0.07166154653554323,1000,0.13811485716328026,0.059889937873439186,1000,6.419074818134308,3.7854556578180096,1000,0.054218619477003814,0.0712685993656153,1000,0.0015926547300699166,0.0022661370770246506,0.0018938861260604889,0.11970661860275889,0.0022537109964537562
curvature,0.13254803846776486,0.056897175367010236,1000,0.19612225526571272,0.07673530913645896,1000,0.162307762529701,0.06921580826173236,1000,7.529839002132416,4.375482561868784,1000,0.07404704885138198,0.09490043816665152,1000,0.001799246665897791,0.002426583538283387,0.002188796041965742,0.13836490757853964,0.0030010153555459274
operator_norm,0.13896694182604552,0.0565408044592461,1000,0.20938524101302028,0.08474719003815187,1000,0.1614532549828291,0.06770555256761894,1000,7.516612292408944,4.412896024764442,1000,0.0741734747660812,0.09699437478169005,1000,0.0017879772282942262,0.0026799414581969187,0.0021410375635393724,0.13954802515758444,0.0030672314453413767
stoch_iso,0.1534743986018002,0.056580034881214686,1000,0.2364956339225173,0.07421256172214319,1000,0.1934574488401413,0.06370700839089705,1000,8.897850242614746,4.241869468334678,1000,0.0948703148807399,0.10097098415320498,1000,0.0017892178031641286,0.002346807260378004,0.002014592494306932,0.13413969057065073,0.0031929828751289554
