,rel_mean,rel_mean,rel_mean,rel_max,rel_max,rel_max,rel_fin,rel_fin,rel_fin,abs_fin,abs_fin,abs_fin,mse_fin,mse_fin,mse_fin,rel_mean,rel_max,rel_fin,abs_fin,mse_fin
,mean,std,count,mean,std,count,mean,std,count,mean,std,count,mean,std,count,se,se,se,se,se
method,,,,,,,,,,,,,,,,,,,,
stiefel,0.08441125495918095,0.04038522022174176,1000,0.12749363549798726,0.061708289892039504,1000,0.11739340078830719,0.05974709072783813,1000,5.481838177680969,3.6790525220241657,1000,0.04255121275526472,0.06302550495595413,1000,0.0012770927970819426,0.0019513874657279074,0.0018893689026869584,0.11634185600983153,0.0019930414634304525
vanilla,0.0856036538220942,0.04278833169436831,1000,0.13020280825160443,0.0682391646298812,1000,0.12199490199238062,0.06573203221874817,1000,5.599607377886772,3.6420261190379555,1000,0.04356122324068565,0.06244879900838044,1000,0.0013530858543297553,0.0021579118585762554,0.002078629370428155,0.1151709783398347,0.001974804420085467
operator_norm,0.10095072509720922,0.05029338221051019,1000,0.14831639662012458,0.07554424513040046,1000,0.13665472611784935,0.0705489638146066,1000,6.319166678607464,4.103670364722844,1000,0.05542493898532121,0.07648270287501123,1000,0.0015904163901860615,0.0023889187873014925,0.002230954122189578,0.12976945119058075,0.002418595426909439
curvature,0.10585171555355191,0.05799740829036836,1000,0.15395670302957296,0.0862911833872508,1000,0.14268536627851428,0.08455060369263634,1000,6.507659431874752,4.32840494687154,1000,0.059634751555044205,0.08765255554007671,1000,0.0018340390858429623,0.0027287668149499596,0.0026737248521097397,0.13687618267654172,0.002771817182410527
stoch_iso,0.1084618318658322,0.053516258915711275,1000,0.15552835115790367,0.07661300461853757,1000,0.14402298885211348,0.07370580315617546,1000,6.630561823606491,4.2059798794723005,1000,0.06019231140206102,0.08166389497823287,1000,0.0016923327002494062,0.0024227159298357824,0.002330782147455417,0.13300476211972947,0.002582439107320025
