,rel_mean,rel_mean,rel_mean,rel_max,rel_max,rel_max,rel_fin,rel_fin,rel_fin,abs_fin,abs_fin,abs_fin,mse_fin,mse_fin,mse_fin,rel_mean,rel_max,rel_fin,abs_fin,mse_fin
,mean,std,count,mean,std,count,mean,std,count,mean,std,count,mean,std,count,se,se,se,se,se
method,,,,,,,,,,,,,,,,,,,,
vanilla,0.10738944138586522,0.053617512705028465,1000,0.16088159028440713,0.08214791453374236,1000,0.12702177523635327,0.06639951427832393,1000,5.864483331680298,3.789659220544843,1000,0.04759699248685501,0.0672538868103238,1000,0.0016955346262090578,0.002597745149594748,0.002099737006483751,0.11983954692780072,0.0021267546381977982
stiefel,0.11633966654911637,0.054362592912999386,1000,0.17201801816374063,0.08041701614688347,1000,0.1360872875675559,0.06411591687274262,1000,6.227943698644638,3.6768950983857946,1000,0.05106769581825938,0.06816136755820029,1000,0.0017190961311760581,0.0025430093365868944,0.0020275233158788685,0.11627363228408014,0.002155451699158225
curvature,0.13165546802058817,0.05980380566445493,1000,0.19329536259919405,0.0841959256661592,1000,0.15777169229090213,0.06819218466118046,1000,7.231075371026993,3.9719653239527672,1000,0.06645428047608584,0.07986564948124832,1000,0.0018911623864575702,0.002662508948112927,0.002156426221521278,0.12560457210899295,0.002525573591693899
stoch_iso,0.13365756751969457,0.06130848860636017,1000,0.1942864442244172,0.08330999017379577,1000,0.15869200789742172,0.07294780591731047,1000,7.243333330273628,3.954000766056776,1000,0.06648863862408325,0.07776925815023879,1000,0.001938744638985804,0.0026344932079544157,0.002306812170106096,0.1250364829079,0.002459279876963678
operator_norm,0.13760871123336255,0.07022060743981783,1000,0.19554289858415722,0.09487325863226481,1000,0.16511385378614069,0.0845278185516935,1000,7.496483431339264,4.368333529627628,1000,0.07349660110729747,0.09010109518895781,1000,0.0022205705819038943,0.003000155863201879,0.0026730043226878665,0.13813883532905932,0.0028492468047274593
