,rel_mean,rel_mean,rel_mean,rel_max,rel_max,rel_max,rel_fin,rel_fin,rel_fin,abs_fin,abs_fin,abs_fin,mse_fin,mse_fin,mse_fin,rel_mean,rel_max,rel_fin,abs_fin,mse_fin
,mean,std,count,mean,std,count,mean,std,count,mean,std,count,mean,std,count,se,se,se,se,se
method,,,,,,,,,,,,,,,,,,,,
vanilla,0.09890882606431842,0.04891353586742699,1000,0.14858356832712888,0.07148963124080421,1000,0.1183623545691371,0.0625032573576835,1000,5.500987412154674,3.7264642721945047,1000,0.04309913251025137,0.06444326660068753,1000,0.0015467818175340913,0.002260700638064706,0.0019765265442995743,0.11784114719376301,0.0020378750231962923
stiefel,0.11667820739001036,0.056315360444646294,1000,0.17494756055250765,0.08577287237620645,1000,0.142477917810902,0.07909678810495571,1000,6.607877972483635,4.778801176276616,1000,0.06492007343412842,0.11658014763990734,1000,0.0017808480625843498,0.002712376381637512,0.0025012600601537344,0.15111896202125916,0.003686587965008104
curvature,0.1295972079373896,0.06319983926516778,1000,0.18680833022668958,0.08913135482020097,1000,0.15289211143180728,0.07429798364145851,1000,7.017938169836998,4.337259213711752,1000,0.06644966941070743,0.0946835621602903,1000,0.0019985543983447244,0.0028185809216846273,0.0023495085386493995,0.13715617917880144,0.002994157134046501
operator_norm,0.13086379720643163,0.060456843635098734,1000,0.18925346045941113,0.08741997787973081,1000,0.15319983921572566,0.06848653446562979,1000,7.051326594114304,4.1626128206173485,1000,0.06546018090785946,0.08529302741498758,1000,0.001911813260315656,0.0027644624310148662,0.0021657343796301284,0.13163337530568728,0.0026972023516254437
stoch_iso,0.13941044479981066,0.05725409177924084,1000,0.1991421708278358,0.07894956798515976,1000,0.1630911868661642,0.0682671145672716,1000,7.465696222424507,4.18309338299247,1000,0.07150135924317874,0.09377292468468044,1000,0.0018105333538672337,0.002496604551194154,0.0021587957132023832,0.1322810275543526,0.0029653602485901695
