,rel_mean,rel_mean,rel_mean,rel_max,rel_max,rel_max,rel_fin,rel_fin,rel_fin,abs_fin,abs_fin,abs_fin,mse_fin,mse_fin,mse_fin,rel_mean,rel_max,rel_fin,abs_fin,mse_fin
,mean,std,count,mean,std,count,mean,std,count,mean,std,count,mean,std,count,se,se,se,se,se
method,,,,,,,,,,,,,,,,,,,,
stiefel,0.08007844704203308,0.03835789375486705,1000,0.11778819552622735,0.05732649561564408,1000,0.10770250862836837,0.055882635182337916,1000,5.035281880795956,3.4607479142765656,1000,0.0364442021631985,0.05511933013301932,1000,0.0012129831051212827,0.0018128229642109183,0.001767164088284467,0.10943845816791097,0.0017430262632309279
vanilla,0.08686607183888555,0.03837333591671721,1000,0.1278653326071799,0.05724089985157902,1000,0.11638256547227502,0.05450476611966171,1000,5.3773621283173565,3.3163396397173326,1000,0.03896790409466484,0.053032958683259496,1000,0.0012134714291557173,0.0018101161884858383,0.0017235920427290858,0.10487186756208973,0.0016770494049670418
curvature,0.09759458060003817,0.0510253780995501,1000,0.14217970950715245,0.07563725475722201,1000,0.13164992662519218,0.07349349065768504,1000,6.062292772889137,4.053899646068262,1000,0.05192291204596404,0.0712730025271995,1000,0.0016135641326585216,0.0023918600099522764,0.0023240682367459088,0.12819556287326167,0.002253850236648874
stoch_iso,0.10802985666692257,0.05602265388008112,1000,0.15954172750189902,0.08177370325796221,1000,0.15092264885269105,0.07872265220964055,1000,6.890532416105271,4.233187135610456,1000,0.06384901400154921,0.08178144535873826,1000,0.001771591868283259,0.0025859115500189212,0.002489428844317512,0.13386513110253118,0.00258615637674219
operator_norm,0.11168830379843712,0.05932291893029528,1000,0.16336220622621478,0.08913020580657952,1000,0.15127521484717726,0.0826869060166463,1000,6.946468135595322,4.467591709125496,1000,0.06659456623403821,0.0859714855522609,1000,0.0018759554126925263,0.002818544586683564,0.0026147895568488294,0.14127765456521024,0.0027186570817340325
