,rel_mean,rel_mean,rel_mean,rel_max,rel_max,rel_max,rel_fin,rel_fin,rel_fin,abs_fin,abs_fin,abs_fin,mse_fin,mse_fin,mse_fin,rel_mean,rel_max,rel_fin,abs_fin,mse_fin
,mean,std,count,mean,std,count,mean,std,count,mean,std,count,mean,std,count,se,se,se,se,se
method,,,,,,,,,,,,,,,,,,,,
stiefel,0.11232312238588929,0.0566226006706112,1000,0.16543969748169185,0.08382582919738722,1000,0.12898570326901973,0.07273845882310591,1000,6.058595681488514,4.491322842485233,1000,0.05552577202022076,0.09918576506651833,1000,0.001790563851613089,0.002650805470159879,0.0023001920337138537,0.14202809889394996,0.0031365292907656016
vanilla,0.11313309316337108,0.06129597840644834,1000,0.17063948354870082,0.09390648512806082,1000,0.13693785571679473,0.0758775152019225,1000,6.42100409257412,4.741386785885055,1000,0.06219488373422064,0.11255827469749087,1000,0.0019383490317287496,0.002969583800654009,0.0023994577123212612,0.14993581511221865,0.0035594051754297114
curvature,0.141445830501616,0.061588470812559776,1000,0.2012367551997304,0.08778981146619269,1000,0.16350258514285088,0.07712055382099324,1000,7.566151893138885,4.682971597828212,1000,0.07729975308524445,0.10321612439024039,1000,0.0019475984537449006,0.00277615759589935,0.0024387660448794007,0.14808856467015175,0.0032639804432841777
stoch_iso,0.1462154635153711,0.06906377404723292,1000,0.2081670131497085,0.09513821251986175,1000,0.17114125776290895,0.08297021283894138,1000,7.948177226424217,5.111469065604921,1000,0.08718213890108746,0.13208307861813334,1000,0.002183988297964814,0.0030085344407991045,0.0026237485052,0.16163884436804182,0.004176833688003868
operator_norm,0.14729615347459912,0.06440911803053562,1000,0.20742697270959615,0.08744458230252404,1000,0.1692506497129798,0.07817742562546479,1000,7.796358980178833,4.685360286922349,1000,0.08077525583573152,0.1045459670938242,1000,0.0020367951505911113,0.00276524049118027,0.002472187265848823,0.14816410165174654,0.003306033762014988
