,rel_mean,rel_mean,rel_mean,rel_max,rel_max,rel_max,rel_fin,rel_fin,rel_fin,abs_fin,abs_fin,abs_fin,mse_fin,mse_fin,mse_fin,rel_mean,rel_max,rel_fin,abs_fin,mse_fin
,mean,std,count,mean,std,count,mean,std,count,mean,std,count,mean,std,count,se,se,se,se,se
method,,,,,,,,,,,,,,,,,,,,
stiefel,0.11781167264282703,0.05287661040830101,1000,0.17205813034251333,0.07480732332016135,1000,0.13920653119683266,0.06340411551422807,1000,6.441624338269234,3.8553038784734817,1000,0.05502248888113536,0.07336677035826981,1000,0.0016721052383959708,0.002365615273523393,0.002005014180533788,0.121915413280572,0.002320060989026603
vanilla,0.11970430679991842,0.04879199909901825,1000,0.17963619508221745,0.07130891465183818,1000,0.1462606908660382,0.062435977666274546,1000,6.771621350049973,3.922687590277337,1000,0.059791939560323956,0.0776434148689906,1000,0.001542938487457811,0.002254985877743615,0.0019743989736483187,0.12404627334553756,0.0024553003629939436
operator_norm,0.1559022642225027,0.060679252512928564,1000,0.23439594258368016,0.08772496452141282,1000,0.19161319636180996,0.06169659544085634,1000,8.735570813655853,3.8942886419384033,1000,0.08931690998887644,0.08794023123441545,1000,0.0019188464465734998,0.0027741069554512742,0.0019510176547106628,0.1231482197464927,0.0027809142866263353
stoch_iso,0.1714961941279471,0.05812723133204036,1000,0.2572676349580288,0.07777532288346109,1000,0.22882597867026924,0.07602037996672621,1000,10.373223264455795,4.566643835550377,1000,0.12542689733253792,0.12332908511124493,1000,0.0018381444508875071,0.0024594716606675155,0.002403975492862901,0.144409957831066,0.0039000081069629454
curvature,0.17758287508040665,0.05651009204525548,1000,0.2648274866938591,0.07411175275957269,1000,0.23614281450212002,0.07061469930785536,1000,10.673640194773673,4.23405474326722,1000,0.1287459833973553,0.11095535278117773,1000,0.0017870060164877023,0.0023436194010751895,0.002233032861007385,0.13389256726563892,0.0035087163337601977
