,rel_mean,rel_mean,rel_mean,rel_max,rel_max,rel_max,rel_fin,rel_fin,rel_fin,abs_fin,abs_fin,abs_fin,mse_fin,mse_fin,mse_fin,rel_mean,rel_max,rel_fin,abs_fin,mse_fin
,mean,std,count,mean,std,count,mean,std,count,mean,std,count,mean,std,count,se,se,se,se,se
method,,,,,,,,,,,,,,,,,,,,
stiefel,0.10169143444858492,0.04779038083960041,1000,0.1535642800666392,0.07081150046306987,1000,0.11495904289372265,0.05526028131463167,1000,5.315316882133484,3.3220588189577254,1000,0.03835706271266099,0.05607062281119026,1000,0.0015112645370000733,0.0022392562599736873,0.0017474835309587986,0.10505272388955365,0.001773108779075545
vanilla,0.10610570037178695,0.05681573466167125,1000,0.15903895365819334,0.08675812480233555,1000,0.12107149812579154,0.06798325373453944,1000,5.652454800128937,4.100484070953227,1000,0.04760488345084014,0.0851422704232574,1000,0.0017966712846665726,0.002743532799005259,0.002149819245502926,0.1296686917345168,0.0026924349969548182
operator_norm,0.13176115968450905,0.058324242627912644,1000,0.19433324982970954,0.08394979794923217,1000,0.148186077196151,0.06703537497535786,1000,6.881335186958313,4.129690260785421,1000,0.06288091906136833,0.08550954473356902,1000,0.0018443744950848845,0.0026547257063050615,0.002119844687255846,0.13059227255096664,0.00270404923042134
stoch_iso,0.13625642857700587,0.060189920124418754,1000,0.19803225957602263,0.08520511833839547,1000,0.15860743062011898,0.07123447679525688,1000,7.321299139738083,4.31664660362925,1000,0.07052365757268854,0.09528002809554077,1000,0.001903372397767686,0.002694422422535111,0.0022526319460342364,0.13650435121498486,0.003013019043067441
curvature,0.13909862675517798,0.05726987297800567,1000,0.20480926258862017,0.07609267389139668,1000,0.17059339382126928,0.0735520103304269,1000,7.793757430553436,4.2245589969345385,1000,0.07673018254502677,0.09214342484571451,1000,0.0018110323991902806,0.002406261627492414,0.002325918791283828,0.1335922854006943,0.00291383093921007
