,rel_mean,rel_mean,rel_mean,rel_max,rel_max,rel_max,rel_fin,rel_fin,rel_fin,abs_fin,abs_fin,abs_fin,mse_fin,mse_fin,mse_fin,rel_mean,rel_max,rel_fin,abs_fin,mse_fin
,mean,std,count,mean,std,count,mean,std,count,mean,std,count,mean,std,count,se,se,se,se,se
method,,,,,,,,,,,,,,,,,,,,
stiefel,0.1070338213071227,0.045143092036459095,1000,0.16035256080701948,0.0658068892999106,1000,0.1320170241445303,0.052817010528138406,1000,6.039364566445351,3.2091138043679868,1000,0.04566605178429745,0.05646204218273082,1000,0.0014275499145781968,0.002080996559182809,0.0016702205247001018,0.10148108892490844,0.0017854865464193436
vanilla,0.1140905244499445,0.04641616316526254,1000,0.1712009682059288,0.06717090321663606,1000,0.14085450949519873,0.05581751124428366,1000,6.438175691008568,3.3276061037592464,1000,0.0512812456212705,0.05903948988592613,1000,0.0014678079584824015,0.0021241304665530055,0.0017651046885399555,0.10522814443757807,0.001866992599340012
stoch_iso,0.15113021397218107,0.06203143225981797,1000,0.22739779021590947,0.08580474137668173,1000,0.19087857438251377,0.07677424625477244,1000,8.654663859844208,4.211375108678366,1000,0.09045034290570765,0.09702158332714166,1000,0.001961606124634705,0.0027133841679200603,0.0024278148380773275,0.1331753742476278,0.00306809185509585
curvature,0.15757011285051703,0.0585601833348075,1000,0.2349411811158061,0.0815811384340203,1000,0.19910381415486336,0.07355600340611064,1000,9.00063247525692,4.063633193208675,1000,0.09522264291532338,0.09252873548836428,1000,0.001851835595350264,0.002579822115610064,0.002326045063424129,0.1285033646600249,0.002926015531584835
operator_norm,0.1670660620443523,0.058958678601518454,1000,0.2478651799708605,0.08115288994924061,1000,0.21384474734961986,0.07421091643467333,1000,9.686955017566682,4.273490485088584,1000,0.1094546440099366,0.10361050535574164,1000,0.0018644371221462927,0.002566279709445866,0.002346755231819899,0.1351396349193776,0.00327645186445218
