,rel_mean,rel_mean,rel_mean,rel_max,rel_max,rel_max,rel_fin,rel_fin,rel_fin,abs_fin,abs_fin,abs_fin,mse_fin,mse_fin,mse_fin,rel_mean,rel_max,rel_fin,abs_fin,mse_fin
,mean,std,count,mean,std,count,mean,std,count,mean,std,count,mean,std,count,se,se,se,se,se
method,,,,,,,,,,,,,,,,,,,,
vanilla,0.08028783455304801,0.03975455286519483,1000,0.12062819503247738,0.061977843143036115,1000,0.11274870919249952,0.05973414986337768,1000,5.197451449453831,3.423596516139583,1000,0.03781522805814166,0.05614682846678121,1000,0.0012571493441558845,0.0019599114879664307,0.0018889596766210929,0.10826362780418496,0.0017755186134980822
stiefel,0.08107329130917787,0.040031529382438896,1000,0.12299687078408897,0.06474967964213177,1000,0.11334994939342141,0.06430854580329184,1000,5.188394729495048,3.4637238291100867,1000,0.03799299338099081,0.05746457690752623,1000,0.001265908110684606,0.002047564654353726,0.002033614777516648,0.10953256485787705,0.0018171894780569793
operator_norm,0.1037982658073306,0.053436780572975746,1000,0.1570426892079413,0.08272808830984554,1000,0.14636012720502914,0.0778707616066095,1000,6.686456551074982,4.183638818168645,1000,0.06073635960742831,0.09964108538580842,1000,0.0016898193743724085,0.0026160918553066142,0.0024624896980887873,0.13229827572907946,0.0031509277835047194
stoch_iso,0.10469517884030938,0.049510892089868655,1000,0.15920570961758496,0.07561219524807987,1000,0.15056210849992932,0.07163494108967959,1000,6.887110891461372,3.988199070150853,1000,0.061838010375155135,0.07515785303431981,1000,0.0015656718799079898,0.0023910675586929267,0.002265295738953717,0.12611792823842347,0.002376699996366478
curvature,0.1095702384132892,0.04801961720967674,1000,0.16227924016490577,0.07241543404789381,1000,0.15469917346909642,0.07145228737846158,1000,7.038384789586067,3.909412033166994,1000,0.06328816355532035,0.07736435485059663,1000,0.001518513627519978,0.0022899770934105123,0.0022595197214484012,0.1236264633687743,0.0024464757103738093
