,rel_mean,rel_mean,rel_mean,rel_max,rel_max,rel_max,rel_fin,rel_fin,rel_fin,abs_fin,abs_fin,abs_fin,mse_fin,mse_fin,mse_fin,rel_mean,rel_max,rel_fin,abs_fin,mse_fin
,mean,std,count,mean,std,count,mean,std,count,mean,std,count,mean,std,count,se,se,se,se,se
method,,,,,,,,,,,,,,,,,,,,
stiefel,0.10908348151110113,0.05556121196932609,1000,0.15877833300456404,0.0780167750559685,1000,0.13070084313675762,0.06848040819675857,1000,6.060996290326118,3.9776336905816305,1000,0.05130998487857869,0.07122675351269743,1000,0.0017569997938247986,0.0024671070487787086,0.002165540649998212,0.12578382160059395,0.0022523877143952272
vanilla,0.11210149347782135,0.057335277468469815,1000,0.16334270981699228,0.08284809028989952,1000,0.1295881897713989,0.06613463501426699,1000,5.960527853906155,3.7863719048346374,1000,0.04868180475779809,0.06670956193655432,1000,0.0018131006707809753,0.002619886651113621,0.00209136078869006,0.11973559287747766,0.0021095415743158457
curvature,0.1400106319859624,0.07750312786899834,1000,0.20212071069702506,0.11260211444857224,1000,0.17278463990800083,0.10231824381821783,1000,7.882682735085488,5.234925240030646,1000,0.08741574695205781,0.1278373346409473,1000,0.0024508640985330676,0.0035607915100844306,0.003235586966540116,0.16554287139200502,0.004042571474705369
stoch_iso,0.15110255168192088,0.07546866367327774,1000,0.21341637252643705,0.10034739809403499,1000,0.18496754481829702,0.09451012346177523,1000,8.407724201023578,4.95212697520491,1000,0.0929578750069486,0.11083502957367973,1000,0.002386528691767671,0.0031732633524878986,0.0029886725208292724,0.15660000504007698,0.0035049113798494907
operator_norm,0.16306588074192405,0.07591744725625885,1000,0.23793405529856682,0.10212398293688747,1000,0.2015288237631321,0.09388912554956028,1000,9.180130836486816,5.161098876864722,1000,0.10828623672924005,0.13472094805690332,1000,0.0024007204747547857,0.0032294438980873604,0.002969034842581187,0.16320827680229424,0.0042602504439705
