,rel_mean,rel_mean,rel_mean,rel_max,rel_max,rel_max,rel_fin,rel_fin,rel_fin,abs_fin,abs_fin,abs_fin,mse_fin,mse_fin,mse_fin,rel_mean,rel_max,rel_fin,abs_fin,mse_fin
,mean,std,count,mean,std,count,mean,std,count,mean,std,count,mean,std,count,se,se,se,se,se
method,,,,,,,,,,,,,,,,,,,,
stiefel,0.08106492383405567,0.04018645227936571,1000,0.12114079362526536,0.06109400961784903,1000,0.1108417129572481,0.0598769145204852,1000,5.171892406105995,3.6217824014638103,1000,0.03891861481883097,0.06096361061144116,1000,0.0012708072028446084,0.001931962217846361,0.00189347429147942,0.11453081578139993,0.0019278386391976435
vanilla,0.08403522478602826,0.04238714228111343,1000,0.1271293726991862,0.06532014253834502,1000,0.11568691148608923,0.0628774933986559,1000,5.38604689592123,3.717567356022684,1000,0.04181248808384407,0.062309074504452076,1000,0.0013403991311394356,0.0020656042750802272,0.0019883609270195434,0.11755980200121761,0.001970385943311959
curvature,0.09354191399738193,0.048265964341869756,1000,0.13723449532687665,0.07420985734390619,1000,0.12558518860302864,0.07212599366828885,1000,5.774370903551579,3.9199378724873415,1000,0.04755264303582953,0.06775676507177367,1000,0.0015263038078477834,0.002346721740429169,0.0022808241849467583,0.12395931963414686,0.00214265704511747
operator_norm,0.09694046290777623,0.04557031068743997,1000,0.14510253009572624,0.07132699578481229,1000,0.13569906470924617,0.06787541479204755,1000,6.222057977795601,3.7927757308025853,1000,0.051840593813511075,0.06764420574059445,1000,0.0014410597545382376,0.0022555576533723606,0.0021464090787155434,0.11993809963545815,0.002139097606533155
stoch_iso,0.09914906217344105,0.04952127956613365,1000,0.14713935450091958,0.07551879838626516,1000,0.13591138304769992,0.07355660054293178,1000,6.239167831778526,4.057487063662909,1000,0.054076126331812704,0.07289590939218248,1000,0.001566000360749373,0.0023881140905964615,0.0023260639465484245,0.12830900697843411,0.00230517105788557
