,rel_mean,rel_mean,rel_mean,rel_max,rel_max,rel_max,rel_fin,rel_fin,rel_fin,abs_fin,abs_fin,abs_fin,mse_fin,mse_fin,mse_fin,rel_mean,rel_max,rel_fin,abs_fin,mse_fin
,mean,std,count,mean,std,count,mean,std,count,mean,std,count,mean,std,count,se,se,se,se,se
method,,,,,,,,,,,,,,,,,,,,
vanilla,0.10027290460839867,0.04937084972878052,1000,0.14801306606829168,0.07720995310626214,1000,0.12406694548763335,0.07205391539062204,1000,5.641823094010353,3.8616876001415408,1000,0.04563270158518572,0.07032704102944705,1000,0.0015612433516085274,0.002441593098505809,0.0022785448696742666,0.12211728428476835,0.0022239363075316544
stiefel,0.10944292413257062,0.05274054865915042,1000,0.16098328640684487,0.08005711742841577,1000,0.13411489666439594,0.07118559948339197,1000,6.099945649504662,4.024251701020019,1000,0.052136468499200415,0.08063294271522925,1000,0.0016678025880985474,0.002531628339813558,0.0022510863097202414,0.12725801253030208,0.002549837534220061
curvature,0.12418049345165491,0.060366272372914365,1000,0.18102594655752183,0.08876471178353063,1000,0.1469705574978143,0.07373729933000059,1000,6.738287567138672,4.403218557821452,1000,0.06325533674983308,0.0972315310629719,1000,0.0019089491455250673,0.002806986650843438,0.0023317781439240967,0.13924199678237606,0.0030747309854440388
stoch_iso,0.12732411858253181,0.0627280697125327,1000,0.18277058150991798,0.08744934742331466,1000,0.1501140284501016,0.07417610460715882,1000,6.910198324084282,4.579103940145209,1000,0.06708795473293867,0.10848794858247753,1000,0.0019836357351742688,0.002765391177530512,0.0023456543851753113,0.14480398093510197,0.0034306901619986447
operator_norm,0.12934027695469558,0.06674262996750176,1000,0.18538336250931026,0.09525232994807573,1000,0.15680628259852528,0.08985642417396308,1000,7.19958850389719,5.1739467260198,1000,0.07673538005689624,0.12631488184552114,1000,0.002110587277271154,0.0030121431507378737,0.002841509627879374,0.1636145614659374,0.003994427290068999
