,rel_mean,rel_mean,rel_mean,rel_max,rel_max,rel_max,rel_fin,rel_fin,rel_fin,abs_fin,abs_fin,abs_fin,mse_fin,mse_fin,mse_fin,rel_mean,rel_max,rel_fin,abs_fin,mse_fin
,mean,std,count,mean,std,count,mean,std,count,mean,std,count,mean,std,count,se,se,se,se,se
method,,,,,,,,,,,,,,,,,,,,
vanilla,0.1540184916034341,0.054386540709154475,1000,0.24182089567184448,0.07561663333726955,1000,0.21170556189119816,0.07532893824060613,1000,9.551147260189056,4.282861515735074,1000,0.10698142005316913,0.1040200663774839,1000,0.0017198534269839733,0.0023912079033959104,0.0023821101856247233,0.13543597292803908,0.003289403321147493
stiefel,0.15685127072408794,0.055874703673475,1000,0.244511039160192,0.07919633490983405,1000,0.21447574025765062,0.07753775722574129,1000,9.690116525292396,4.461852724788979,1000,0.11111970691988245,0.11102784431398123,1000,0.0017669132719515808,0.0025044080065258134,0.00245195917494521,0.14109617194561602,0.0035110087173075566
stoch_iso,0.16301576809957624,0.06357095566386595,1000,0.2384932335615158,0.08077776577443807,1000,0.20634279561787844,0.07602518776080106,1000,9.407293547272682,4.6440210500149135,1000,0.10746341438917444,0.12079403656756571,1000,0.002010290129313978,0.002554417241468194,0.0024041275286608766,0.1468568401981386,0.0038198428331917534
curvature,0.17091876056045294,0.0683899090267868,1000,0.2530471088066697,0.09351750925850787,1000,0.2173580423183739,0.09198884612645206,1000,9.831203493356705,5.082460991926927,1000,0.11958802734781057,0.13218276443857796,1000,0.0021626788149635566,0.00295728330362769,0.002908942730903459,0.1607215285344774,0.004179986030434144
operator_norm,0.1764118699207902,0.07366613767599811,1000,0.2552469941601157,0.09581064851734752,1000,0.21305520305782558,0.09350816130463582,1000,9.754016604065894,5.471891796101413,1000,0.12212157956603914,0.14777875836948545,1000,0.00232952781483697,0.0030297987341265276,0.002956987695370712,0.17303641185670127,0.004673174662392448
