,rel_mean,rel_mean,rel_mean,rel_max,rel_max,rel_max,rel_fin,rel_fin,rel_fin,abs_fin,abs_fin,abs_fin,mse_fin,mse_fin,mse_fin,rel_mean,rel_max,rel_fin,abs_fin,mse_fin
,mean,std,count,mean,std,count,mean,std,count,mean,std,count,mean,std,count,se,se,se,se,se
method,,,,,,,,,,,,,,,,,,,,
stiefel,0.1438995590917766,0.0486451800422165,1000,0.2162683457508683,0.06790502493155437,1000,0.18218227792903782,0.06422329733146885,1000,8.300564160466195,4.002389546728601,1000,0.08291256652539596,0.08940616935292019,1000,0.0015382956612236993,0.002147345433542312,0.0020309189841365544,0.12656667050911302,0.002827271320259703
vanilla,0.1587297488451004,0.047793525472709264,1000,0.2445258933901787,0.07158207714543398,1000,0.2151890652924776,0.07443606539673062,1000,9.746410047769546,4.387692306388202,1000,0.11154794981144368,0.10675348493321377,1000,0.0015113639790303689,0.0022636240342545537,0.0023538750671491374,0.13875101360184083,0.0033758416054942356
stoch_iso,0.16680003708601,0.07603039663972294,1000,0.2413235326334834,0.09868849143698381,1000,0.19779697429388762,0.08225201830815222,1000,9.005351917982102,4.660669651049015,1000,0.10038719007419422,0.11358746356290343,1000,0.002404292247875369,0.0031208041178689234,0.002601037199996303,0.14738331518937056,0.0035919509850015933
curvature,0.17798259153962134,0.07825313459559018,1000,0.25447369645535944,0.10552923684647701,1000,0.20818698604777455,0.09459416632289197,1000,9.504518955230713,5.317097063600073,1000,0.11579993190127424,0.1353050981576066,1000,0.0024745813936978417,0.0033371274817423206,0.0029913301894513335,0.168141372611694,0.004278722892106891
operator_norm,0.1812015437744558,0.08578419681398491,1000,0.2573416201993823,0.11592959453852811,1000,0.2148669473566115,0.10085923591338912,1000,9.670931017398834,5.11117750295213,1000,0.11682120880810544,0.1287142693554532,1000,0.0027127344918035194,0.0036660156696156562,0.0031894490855056273,0.1616296243474072,0.00407030258527645
