,rel_mean,rel_mean,rel_mean,rel_max,rel_max,rel_max,rel_fin,rel_fin,rel_fin,abs_fin,abs_fin,abs_fin,mse_fin,mse_fin,mse_fin,rel_mean,rel_max,rel_fin,abs_fin,mse_fin
,mean,std,count,mean,std,count,mean,std,count,mean,std,count,mean,std,count,se,se,se,se,se
method,,,,,,,,,,,,,,,,,,,,
vanilla,0.13892385295778514,0.049508623747607096,1000,0.20721489261090756,0.07650563422748125,1000,0.16463069480657577,0.07551926432857653,1000,7.661488544106484,4.835497205131453,1000,0.08013384609553031,0.11561457140907251,1000,0.0015656001486273963,0.002419320579945773,0.0023881288249860836,0.1529118478759383,0.0036560537635685186
stiefel,0.1407666744031012,0.05464123685619911,1000,0.2087631673887372,0.0860982935912625,1000,0.169620232347399,0.08765471845709515,1000,7.862334684610367,5.236458630979331,1000,0.08711854021274484,0.13741780926565644,1000,0.0017279076263432753,0.002722667104022678,0.002771885579852209,0.16559136147141834,0.004345532683500647
curvature,0.14476133384928108,0.061423388723983084,1000,0.20799779905378818,0.09841611589657431,1000,0.16959837122634053,0.08999283499068395,1000,7.718705777287483,4.891007823446721,1000,0.08151997511577792,0.12993857693277683,1000,0.0019423780997369004,0.0031121908470027907,0.002845823316662591,0.15466724775794333,0.004109018590285904
operator_norm,0.1492740305401385,0.062465038448393226,1000,0.2170102552846074,0.09138021627867257,1000,0.1825518726631999,0.08321401354558601,1000,8.237752364516258,4.593417535226613,1000,0.08685444283555262,0.11099381344012918,1000,0.001975317956269128,0.0028896961651940114,0.0026314581604815557,0.14525661655472819,0.0035099325665861733
stoch_iso,0.15074762015417217,0.057754675648085375,1000,0.21745539090782404,0.08238032512913224,1000,0.18117473908141254,0.07245902533799159,1000,8.225995395541192,4.331615425924137,1000,0.08438586845551617,0.09814933692306031,1000,0.0018263632057221111,0.0026050946179326266,0.0022913555710390534,0.13697770693840639,0.003103754555121331
