,rel_mean,rel_mean,rel_mean,rel_max,rel_max,rel_max,rel_fin,rel_fin,rel_fin,abs_fin,abs_fin,abs_fin,mse_fin,mse_fin,mse_fin,rel_mean,rel_max,rel_fin,abs_fin,mse_fin
,mean,std,count,mean,std,count,mean,std,count,mean,std,count,mean,std,count,se,se,se,se,se
method,,,,,,,,,,,,,,,,,,,,
vanilla,0.13842654661089182,0.04953284059791445,1000,0.20942173539102077,0.0726497530018786,1000,0.177490409322083,0.06352590382492494,1000,8.105852442502975,4.066455895045666,1000,0.08029723758623004,0.09472463047550023,1000,0.0015663659526746621,0.002297386909345914,0.0020088654650756515,0.12859262632962923,0.002995455828203792
stiefel,0.14419791983813046,0.05040342810454399,1000,0.21784541474282743,0.07739578233153813,1000,0.17250845519825816,0.07193676583830509,1000,8.041001971006393,4.712404377689851,1000,0.08480689532845281,0.11090618098178041,1000,0.0015938963469090252,0.002447469534582776,0.00227484027555236,0.1490193108924829,0.003507161384932754
stoch_iso,0.15619854544848202,0.05150340354643366,1000,0.23131829081475735,0.06784604242297898,1000,0.18943743699789048,0.06510787601470859,1000,8.729865333557129,4.353103406502689,1000,0.09291123905265704,0.1020178228300355,1000,0.0016286806245752405,0.0021454802428502256,0.0020588918182232563,0.13765721654786325,0.0032260868207443696
curvature,0.16392322854697705,0.058810063889159436,1000,0.23631367133557796,0.07892822924290956,1000,0.19364560256153346,0.07108803431931147,1000,8.892330711603165,4.55787818463501,1000,0.09748732865927741,0.11029502527871246,1000,0.00185973751229764,0.002495929760915015,0.0022480010283324175,0.144132763610401,0.003487834944665791
operator_norm,0.18535198183357715,0.05574708701810799,1000,0.28008799347281454,0.07481418176411582,1000,0.2324513249695301,0.07475161292582846,1000,10.592343735694886,4.780564074764166,1000,0.13186394987255334,0.1291584252750591,1000,0.0017628776789682557,0.0023658321565644003,0.0023638535561690123,0.1511747097663024,0.0040843480286984635
