,rel_mean,rel_mean,rel_mean,rel_max,rel_max,rel_max,rel_fin,rel_fin,rel_fin,abs_fin,abs_fin,abs_fin,mse_fin,mse_fin,mse_fin,rel_mean,rel_max,rel_fin,abs_fin,mse_fin
,mean,std,count,mean,std,count,mean,std,count,mean,std,count,mean,std,count,se,se,se,se,se
method,,,,,,,,,,,,,,,,,,,,
stiefel,0.12196941201016306,0.04422848418893708,1000,0.1806247348189354,0.06683930384998597,1000,0.1561867213845253,0.06289980548083987,1000,7.06828392124176,3.7581540595403604,1000,0.06256858957652002,0.07710772141355061,1000,0.0013986274749378611,0.00211364437386017,0.001989066497009965,0.11884326625955588,0.002438360248525581
vanilla,0.12259703705087305,0.04508229197026688,1000,0.18073049554228782,0.06655033725292542,1000,0.1562627453804016,0.06148860650937529,1000,7.0532858489751815,3.607152817089013,1000,0.061276739488588645,0.06963522362582025,1000,0.0014256272476676326,0.0021045064477159753,0.001944440467194815,0.11406818770294022,0.0022020591203276074
stoch_iso,0.14175905168056488,0.06371816586532555,1000,0.21194728554785253,0.09159033559484653,1000,0.1838355616442859,0.08292749534689398,1000,8.27744405066967,4.47476332433779,1000,0.08644488622201607,0.10102744507250092,1000,0.002014945324628224,0.002896340721389079,0.0026223976594920003,0.14150444095094186,0.0031947683261665766
operator_norm,0.153723191652447,0.058953353713671434,1000,0.22530410703271628,0.08145284978175771,1000,0.1963266507089138,0.07440806412307499,1000,8.805435192108154,4.105397508107018,1000,0.09216125319898129,0.09060589801552163,1000,0.0018642687344074774,0.0025757652722190327,0.0023529895891277633,0.12982406825997755,0.0028652100717397855
curvature,0.15591353615373374,0.06287967698779127,1000,0.23044933734834194,0.09108124007599346,1000,0.19571450205519794,0.07982335335282359,1000,8.798551264166832,4.396901684660757,1000,0.09446085536899045,0.10006556265913255,1000,0.001988429978170961,0.00288024170752747,0.0025242360706736076,0.13904223971359425,0.0031643509334915404
