,rel_mean,rel_mean,rel_mean,rel_max,rel_max,rel_max,rel_fin,rel_fin,rel_fin,abs_fin,abs_fin,abs_fin,mse_fin,mse_fin,mse_fin,rel_mean,rel_max,rel_fin,abs_fin,mse_fin
,mean,std,count,mean,std,count,mean,std,count,mean,std,count,mean,std,count,se,se,se,se,se
method,,,,,,,,,,,,,,,,,,,,
stiefel,0.14880609265714884,0.05523112599481763,1000,0.21589224075525998,0.07475913900951536,1000,0.17444311351701616,0.0685746022093912,1000,8.02240474152565,4.282296179549253,1000,0.08074091793678236,0.09308469072164652,1000,0.0017465615587935685,0.0023640915518321286,0.0021685193262169097,0.13541809542813002,0.0029435963797274562
vanilla,0.16366080787032844,0.05916304963774826,1000,0.24517318738996982,0.08199111145868279,1000,0.2055866061002016,0.07915134644983816,1000,9.430427166700364,4.906398769508376,1000,0.11033362602000124,0.12316278135567023,1000,0.0018708999017688426,0.002592786600981682,0.00250298534650571,0.15515395220693964,0.0038947491204523853
curvature,0.17072109722718595,0.07650337735738065,1000,0.2424753161892295,0.09861675681466224,1000,0.2045932983569801,0.08943920461598227,1000,9.230013407826423,4.806636896739897,1000,0.10573613427625969,0.12371854445078177,1000,0.0024192492114467625,0.003118535669932642,0.0028283159870034933,0.15199920479101642,0.003912323892652558
stoch_iso,0.1774765062406659,0.06986077084887556,1000,0.25812763499468566,0.09189653197557292,1000,0.22254795556887985,0.0864988944034449,1000,10.08088178229332,4.965837279122869,1000,0.12329986103600822,0.13120223459800456,1000,0.0022091915497754154,0.0029060235011330337,0.0027353352140127747,0.1570335629180158,0.004148978954334407
operator_norm,0.18032087941095232,0.07273463090131627,1000,0.25919533406198025,0.09381084453669469,1000,0.22204325199872255,0.09002915165382121,1000,10.040714590430259,5.0797767205378825,1000,0.12362722361809574,0.13684280702380955,1000,0.002300070984198251,0.002966559379599185,0.002846971750387899,0.1606366444200034,0.004327349516061256
