,rel_mean,rel_mean,rel_mean,rel_max,rel_max,rel_max,rel_fin,rel_fin,rel_fin,abs_fin,abs_fin,abs_fin,mse_fin,mse_fin,mse_fin,rel_mean,rel_max,rel_fin,abs_fin,mse_fin
,mean,std,count,mean,std,count,mean,std,count,mean,std,count,mean,std,count,se,se,se,se,se
method,,,,,,,,,,,,,,,,,,,,
vanilla,0.1396769277267158,0.054059733769453826,1000,0.2139019895642996,0.07623152578372999,1000,0.18112010730430483,0.07014521860487496,1000,8.259320860147476,4.205150361632461,1000,0.08386912843259052,0.09784595994082575,1000,0.0017095188841379397,0.0024106525098643917,0.002218186577618235,0.1329785304623931,0.0030941609325860343
stiefel,0.14829531634226442,0.05387809866639045,1000,0.22865421099215746,0.07577763158896178,1000,0.1983230303414166,0.07364762890216892,1000,8.978247246026992,4.2910451962694305,1000,0.09668318312056362,0.10277555615398286,1000,0.0017037750778507428,0.0023962991151424353,0.0023289425160169983,0.1356947636293566,0.003250048452371208
stoch_iso,0.15644202311709524,0.06614436508240505,1000,0.22857390047237278,0.08537798886296731,1000,0.19296249648556113,0.07199509178031574,1000,8.73504571890831,4.151210953146284,1000,0.09132455416722224,0.09875156824196492,1000,0.002091668480461109,0.0026998890685146623,0.002276684703786646,0.1312728165978078,0.0031227987815815885
curvature,0.16680389129370451,0.06572013247599133,1000,0.24256925872713328,0.0875692174638964,1000,0.2023359912931919,0.07171105269891162,1000,9.135540069580077,4.156039496021699,1000,0.09835301170451567,0.09820071213922904,1000,0.002078253067521338,0.002769181801045063,0.002267702599369256,0.1314255085304687,0.0031053791821050976
operator_norm,0.16736232232302428,0.07219376699422718,1000,0.24253384018316865,0.09820641790317663,1000,0.1964783477112651,0.07698385699955877,1000,8.844859309434892,4.164528378694859,1000,0.09331786133977585,0.09417391695396521,1000,0.002282967365692459,0.0031055596142037546,0.0024344433118330183,0.13169395057083993,0.0029780407375407636
