,rel_mean,rel_mean,rel_mean,rel_max,rel_max,rel_max,rel_fin,rel_fin,rel_fin,abs_fin,abs_fin,abs_fin,mse_fin,mse_fin,mse_fin,rel_mean,rel_max,rel_fin,abs_fin,mse_fin
,mean,std,count,mean,std,count,mean,std,count,mean,std,count,mean,std,count,se,se,se,se,se
method,,,,,,,,,,,,,,,,,,,,
stoch_iso,0.04238185928575695,0.02508100922405795,1000,0.06640266512706876,0.05876325590669724,1000,0.051638670088723304,0.026359845204244538,1000,2.162180986166,1.0985443488617037,1000,0.005742792468692642,0.011100607141307344,1000,0.0007931311516371552,0.0018582573139250625,0.000833571496148791,0.03473902253109584,0.00035103201977261793
operator_norm,0.04699307254329324,0.029862769591080557,1000,0.0723125783521682,0.06246015459528443,1000,0.053483720682561395,0.02886413940702983,1000,2.24451069098711,1.2282868644154097,1000,0.006391609557525954,0.011815524424476356,1000,0.0009443436914862965,0.001975163515273313,0.000912764232268362,0.03884184111619117,0.0003736396893069543
vanilla,0.04876953694596887,0.028870524087304315,1000,0.07557880261912941,0.06315076867692358,1000,0.060138836292549964,0.028051107769831555,1000,2.5260864234566687,1.184896725970037,1000,0.00760125863441499,0.01013608249984638,1000,0.0009129661335863553,0.0019970026500949647,0.0008870539144351398,0.03746972446141702,0.0003205310725088787
stiefel,0.04904713592492044,0.028311929495363836,1000,0.07316100698709488,0.059281668029186815,1000,0.057054665610194205,0.02639571076696479,1000,2.387719508230686,1.095212568132096,1000,0.006737788614234887,0.0090956606433376,1000,0.0008953018215945128,0.001874650944662155,0.0008347056648263871,0.03463366237339767,0.0002876300445689924
curvature,0.05347772941179574,0.033230504897134916,1000,0.08024907768145204,0.06606151512685267,1000,0.06105854718200862,0.03299623008732913,1000,2.560737791776657,1.3833324686810191,1000,0.008270579231262672,0.014391515255472151,1000,0.0010508408327232568,0.0020890485348252167,0.0010434324127493665,0.04374481362295561,0.0004550996718835201
