,rel_mean,rel_mean,rel_mean,rel_max,rel_max,rel_max,rel_fin,rel_fin,rel_fin,abs_fin,abs_fin,abs_fin,mse_fin,mse_fin,mse_fin,rel_mean,rel_max,rel_fin,abs_fin,mse_fin
,mean,std,count,mean,std,count,mean,std,count,mean,std,count,mean,std,count,se,se,se,se,se
method,,,,,,,,,,,,,,,,,,,,
stiefel,0.08923359228856861,0.040941903256769115,1000,0.13398090942949056,0.064190765332035,1000,0.12457272998988628,0.0616689614886824,1000,5.7127523032426835,3.488037306435308,1000,0.04374001630232669,0.05845127093997218,1000,0.0012946966603365599,0.0020298902319860514,0.001950143792414445,0.11030142451974263,0.0018483914830192323
vanilla,0.10994023875705898,0.04499899428903794,1000,0.16228416316583752,0.06896004699171078,1000,0.15088541366904973,0.06726157292910732,1000,6.996412295460701,4.15771006681378,1000,0.06466704224655405,0.08358142503218947,1000,0.0014229931437026917,0.0021807081604604864,0.0021269976946150233,0.13147833661742397,0.0026430767318433093
operator_norm,0.11416184759698808,0.05642152044913043,1000,0.16877624135836958,0.08522687206704985,1000,0.15774956371821464,0.08304000403089705,1000,7.2334894324541095,4.496295951758757,1000,0.07082014666998293,0.090101411042734,1000,0.0017842051366901855,0.002695110335836602,0.002625955496471979,0.1421853624175224,0.0028492567929008627
curvature,0.11501892506889999,0.05412963383313637,1000,0.1702916692122817,0.08682348282306515,1000,0.15925343884900212,0.08216967448626979,1000,7.210554601669312,4.153759640768527,1000,0.06760601894662249,0.0798145075664706,1000,0.0017117293182362162,0.0027455996010939195,0.002598433259712386,0.13135341317711346,0.0025239563423479004
stoch_iso,0.11840602239221334,0.05678614568648498,1000,0.17441296852752566,0.0858824171491446,1000,0.1607570680938661,0.0792249420434038,1000,7.375785249233246,4.381263415364182,1000,0.07185398601659108,0.0873638727103736,1000,0.0017957355991143845,0.002715840491520017,0.0025053126435199045,0.13854771421719167,0.002762688229778084
