,rel_mean,rel_mean,rel_mean,rel_max,rel_max,rel_max,rel_fin,rel_fin,rel_fin,abs_fin,abs_fin,abs_fin,mse_fin,mse_fin,mse_fin,rel_mean,rel_max,rel_fin,abs_fin,mse_fin
,mean,std,count,mean,std,count,mean,std,count,mean,std,count,mean,std,count,se,se,se,se,se
method,,,,,,,,,,,,,,,,,,,,
stoch_iso,0.028239006879739462,0.017451716653817624,1000,0.046556135937571526,0.05957025672080588,1000,0.03136138217523694,0.016251815006696042,1000,1.3105242593586446,0.6791965363483854,1000,0.0021272660805261696,0.003642590746330353,1000,0.0005518717370595593,0.001883776920386997,0.0005139275153286412,0.0214780803375824,0.00011518883342256539
operator_norm,0.028657992667518555,0.01864219916840029,1000,0.048247276464477185,0.06478268385650933,1000,0.03207626627665013,0.018159987948094522,1000,1.3407190752625466,0.7587940386912735,1000,0.002317109629540937,0.004518758964732551,1000,0.0005895180996664177,0.0020486083392519017,0.0005742692419718631,0.02399517437222355,0.0001428957052585934
vanilla,0.03914263576082885,0.027631775550173602,1000,0.062055071324110034,0.05918548702227509,1000,0.04928398328181356,0.02865821120468479,1000,2.064213453948498,1.1945864667949915,1000,0.005553307582566049,0.011270209943611846,1000,0.0008737934653310081,0.0018716094341672607,0.0009062522107296185,0.03777614097085277,0.0003563953313009127
stiefel,0.042331015683710574,0.028679895302034252,1000,0.0631387847494334,0.05994989152389817,1000,0.04746343028265983,0.02864076586462593,1000,1.9893823135495186,1.1979723921754584,1000,0.00526498508619261,0.010422693645538179,1000,0.0009069379220959097,0.0018957820269554088,0.0009057005406381967,0.037883213332749244,0.0003295945127406431
curvature,0.05115327765606344,0.03184952629604266,1000,0.07609389159455895,0.06422225082473336,1000,0.05796860329434276,0.029578117936504934,1000,2.4310670574307442,1.2567781074894964,1000,0.007312498766492354,0.012354945362848204,1000,0.0010071704549292106,0.002030885890687846,0.000935342215804352,0.039742813331027284,0.0003906976771353579
