,rel_mean,rel_mean,rel_mean,rel_max,rel_max,rel_max,rel_fin,rel_fin,rel_fin,abs_fin,abs_fin,abs_fin,mse_fin,mse_fin,mse_fin,rel_mean,rel_max,rel_fin,abs_fin,mse_fin
,mean,std,count,mean,std,count,mean,std,count,mean,std,count,mean,std,count,se,se,se,se,se
method,,,,,,,,,,,,,,,,,,,,
vanilla,0.15593575935810805,0.05547227896045013,1000,0.23948301280289888,0.08410653615592671,1000,0.19955337198451162,0.07977934061978736,1000,9.140790860176086,4.787149987576327,1000,0.10395307236304506,0.11915966663023478,1000,0.0017541874851525986,0.002659682203600311,0.002522844265849173,0.15138297461587955,0.0037681595177790294
stiefel,0.1648907246887684,0.054330925757681905,1000,0.2509849734380841,0.07631784903406559,1000,0.2094795810878277,0.07925105706440665,1000,9.623428794384003,4.8988189615897015,1000,0.11385235389228911,0.1248664419614679,1000,0.0017180947277978427,0.0024133822907252854,0.0025061384729950257,0.15491425763444372,0.003948623599194615
operator_norm,0.16892080245912075,0.06586810426506354,1000,0.23892919147014618,0.08380909424222821,1000,0.20577021021768452,0.07440483931302264,1000,9.353156457901001,4.515932074299464,1000,0.10532693863566965,0.11417246922032993,1000,0.00208293234635052,0.0026502762644114463,0.002352887611679895,0.14280631113395045,0.0036104504882171124
stoch_iso,0.17076332431286573,0.07228824375981269,1000,0.2478315963149071,0.09744201665388247,1000,0.2099971113577485,0.09329481594450514,1000,9.557364836215973,5.1282994445335,1000,0.11485974444495514,0.12905181923932516,1000,0.002285954983344619,0.0030813871242632773,0.0029502411227082933,0.16217106768102196,0.004080976849846058
curvature,0.19425159961357713,0.07265182438628169,1000,0.28415512201189996,0.09568446985898871,1000,0.24871198207885026,0.0973073016252512,1000,11.26789962220192,5.488912192737335,1000,0.1533824125463143,0.1588381914758762,1000,0.002297452412272149,0.0030258086146013464,0.003077127061007981,0.17357464405719109,0.005022904644857108
