,rel_mean,rel_mean,rel_mean,rel_max,rel_max,rel_max,rel_fin,rel_fin,rel_fin,abs_fin,abs_fin,abs_fin,mse_fin,mse_fin,mse_fin,rel_mean,rel_max,rel_fin,abs_fin,mse_fin
,mean,std,count,mean,std,count,mean,std,count,mean,std,count,mean,std,count,se,se,se,se,se
method,,,,,,,,,,,,,,,,,,,,
stiefel,0.14167911718413234,0.04828108517329744,1000,0.21346021493524314,0.06847945217106999,1000,0.17854629375785588,0.06603448546254197,1000,8.22237884926796,4.285319533120154,1000,0.08393858734564856,0.09743968975836817,1000,0.0015267819705220525,0.0021655104178114363,0.002088193781789101,0.13551370226269052,0.003081313541366253
vanilla,0.14527724925056099,0.04777039906540543,1000,0.21704781073331833,0.06411377463862965,1000,0.179703601911664,0.06191410586348255,1000,8.23541156053543,4.034455168651299,1000,0.08211187069118023,0.09038587001835438,1000,0.0015106326578186002,0.0020274555724880856,0.0019578959382139096,0.12758067450776853,0.0028582521755392497
operator_norm,0.16101326167955995,0.06631660518622902,1000,0.23231473923102022,0.09313696987601384,1000,0.1934799615330994,0.08013661326844508,1000,8.755253443598747,4.437195397703949,1000,0.09406589547498152,0.10079892182793074,1000,0.002097115190786185,0.002945249591746939,0.0025341422190035684,0.14031643879961145,0.003187541786655242
stoch_iso,0.16999715356528758,0.07047021536343193,1000,0.2444885118305683,0.09426264675795029,1000,0.21093592151626944,0.09093349083655185,1000,9.514935961723328,4.870536194222911,1000,0.11155508555518463,0.1218961707884732,1000,0.002228463877510353,0.002980846620310095,0.0028755694663355393,0.1540198780003263,0.003854695377444582
curvature,0.17682964292168618,0.08109922912574052,1000,0.25940000407025215,0.12912390423837153,1000,0.21008176993951203,0.09074464225328589,1000,9.507186495184898,4.919574675444996,1000,0.11187950005056337,0.12072628648832322,1000,0.0025645828052120604,0.004083256377667234,0.0028695975497753756,0.15557061093689817,0.0038177003875711217
