,rel_mean,rel_mean,rel_mean,rel_max,rel_max,rel_max,rel_fin,rel_fin,rel_fin,abs_fin,abs_fin,abs_fin,mse_fin,mse_fin,mse_fin,rel_mean,rel_max,rel_fin,abs_fin,mse_fin
,mean,std,count,mean,std,count,mean,std,count,mean,std,count,mean,std,count,se,se,se,se,se
method,,,,,,,,,,,,,,,,,,,,
vanilla,0.15073361617326736,0.05917068362736444,1000,0.21910221625864507,0.08368095590172041,1000,0.1723550041653216,0.07536064589930073,1000,8.018608119249343,4.799512289833473,1000,0.0852640230555553,0.11054487032696787,1000,0.0018711413097170545,0.0026462241742954574,0.002383112869832185,0.15177390493843976,0.003495735738811809
stiefel,0.15107650791481136,0.05718817852027463,1000,0.21971981584280728,0.08300692674790024,1000,0.17486417206004262,0.07093869916044285,1000,8.095606191039085,4.5801605656157145,1000,0.08446848917671014,0.10507499537285796,1000,0.0018084489936038564,0.0026249095009411804,0.002243278635964738,0.14483739436630744,0.0033227631050988457
curvature,0.1522672512680292,0.059343542201939506,1000,0.22238004436343908,0.07995950536903008,1000,0.1774468335621059,0.07033958696154492,1000,8.176670976161956,4.434115725480394,1000,0.08447233327571303,0.10159030504391163,1000,0.0018766075778045273,0.0025285415754659744,0.0022243330447396454,0.14021905101287957,0.003212567521300528
operator_norm,0.16343619628623127,0.06573774762925111,1000,0.23805820278450845,0.08890348305532858,1000,0.1918162576854229,0.08060707290207833,1000,8.847918677926064,4.888570202784765,1000,0.09976551275048405,0.11701402670128433,1000,0.0020788101075776763,0.0028113749837702364,0.0025490194588980624,0.15459016342431064,0.003700308425638177
stoch_iso,0.17302935326471924,0.06259830664137264,1000,0.24830894780158996,0.08374986977887637,1000,0.20027731834352017,0.07739901169223451,1000,9.263662946462631,5.024178947345948,1000,0.1084302566931583,0.12811452537269946,1000,0.001979532266563826,0.0026484034224375165,0.002447571655934644,0.15887848845880378,0.004051337015291625
