,rel_mean,rel_mean,rel_mean,rel_max,rel_max,rel_max,rel_fin,rel_fin,rel_fin,abs_fin,abs_fin,abs_fin,mse_fin,mse_fin,mse_fin,rel_mean,rel_max,rel_fin,abs_fin,mse_fin
,mean,std,count,mean,std,count,mean,std,count,mean,std,count,mean,std,count,se,se,se,se,se
method,,,,,,,,,,,,,,,,,,,,
vanilla,0.14585631896182893,0.05173687662198622,1000,0.21746109491586685,0.07518010618476242,1000,0.17711459970474244,0.0710145825689328,1000,8.188639585256576,4.500323283088991,1000,0.08524069838575088,0.10317620436683199,1000,0.0016360636914859472,0.0023774037027716084,0.00224567828003919,0.14231271781647933,0.003262718061302
stiefel,0.15617383948713542,0.05323850352098754,1000,0.23594981652498245,0.07458798040567229,1000,0.19631915177032352,0.0695702175983262,1000,9.000486254692078,4.433888445885614,1000,0.09828951193159446,0.10692935452913756,1000,0.001683549303452145,0.002358679041539343,0.0022000034492423996,0.14021186380102774,0.0033814030904371624
stoch_iso,0.16356232265383006,0.07113852444648121,1000,0.2319015063866973,0.0996491019431229,1000,0.18410750061832368,0.08594597523876078,1000,8.496096585214138,5.146275570674645,1000,0.09632941905909684,0.13279911647212317,1000,0.0022495976663444964,0.00315118128930579,0.0027178503747891792,0.16273952270214706,0.004199476793098938
operator_norm,0.16606283293291926,0.06856152600061996,1000,0.23240345034003257,0.08990427276308943,1000,0.19075465790182353,0.08369332649462663,1000,8.779783443450928,5.026618325256101,1000,0.09992795119388029,0.12345883850195315,1000,0.00216810582018814,0.002843022733124022,0.0026466153667913613,0.15895562836150362,0.0039041112694506224
curvature,0.16987441101670264,0.06996854390303345,1000,0.24039618053287268,0.09556152833453425,1000,0.19634760596975684,0.08804688833760814,1000,8.992786604404449,5.119906639299425,1000,0.10454828375834041,0.1309103722161009,1000,0.0022125996329907314,0.003021920862238453,0.0027842870803735805,0.16190566387604338,0.004139749455433032
