,rel_mean,rel_mean,rel_mean,rel_max,rel_max,rel_max,rel_fin,rel_fin,rel_fin,abs_fin,abs_fin,abs_fin,mse_fin,mse_fin,mse_fin,rel_mean,rel_max,rel_fin,abs_fin,mse_fin
,mean,std,count,mean,std,count,mean,std,count,mean,std,count,mean,std,count,se,se,se,se,se
method,,,,,,,,,,,,,,,,,,,,
stoch_iso,0.03464703977573663,0.02258676336881264,1000,0.055887284291908146,0.060776911945033894,1000,0.03812546407431364,0.019739874795418076,1000,1.5942388801276683,0.8187710341777449,1000,0.003136048069834942,0.00491637275296565,1000,0.000714256172167057,0.001921934708978014,0.0006242296508007144,0.025891813501732433,0.0001554693572576379
operator_norm,0.03910457780957222,0.026310689308754895,1000,0.06104521780274808,0.06447365840073303,1000,0.042672266729176046,0.02264813165940803,1000,1.7873421632051467,0.9548984897753203,1000,0.004009288356988691,0.006308093281580972,1000,0.0008320170502470663,0.0020388360962996545,0.0007161968079109823,0.030196541619450193,0.0001994794246260175
vanilla,0.04380217844247818,0.027667728472579825,1000,0.06753600564412773,0.06194013432623879,1000,0.0525092000272125,0.02271587764930593,1000,2.2098569377064705,1.0007533605200256,1000,0.0057460678417119194,0.007497331442237089,1000,0.0008749303965644378,0.001958719030476935,0.0007183391242151834,0.03164659995310909,0.00023708643730664325
curvature,0.04583771973103285,0.031201912249734197,1000,0.06886996004357934,0.06172088259137823,1000,0.051252995510585604,0.029330707177679403,1000,2.1553240624666214,1.2582745675604896,1000,0.006081145966192707,0.011444335832043271,1000,0.0009866911006186855,0.001951785681845908,0.0009275184006491591,0.039790135553545644,0.00036190167537134937
stiefel,0.04926210396178067,0.02838612436712843,1000,0.07405703629553317,0.06297977903478223,1000,0.05470403777435422,0.025156084645908433,1000,2.296452453315258,1.0627903793580284,1000,0.006252038797421846,0.009150744335457737,1000,0.0008976480694493151,0.0019915954828403273,0.0007955052449306101,0.03360838274085771,0.00028937194385930345
