,rel_mean,rel_mean,rel_mean,rel_max,rel_max,rel_max,rel_fin,rel_fin,rel_fin,abs_fin,abs_fin,abs_fin,mse_fin,mse_fin,mse_fin,rel_mean,rel_max,rel_fin,abs_fin,mse_fin
,mean,std,count,mean,std,count,mean,std,count,mean,std,count,mean,std,count,se,se,se,se,se
method,,,,,,,,,,,,,,,,,,,,
stiefel,0.11913393549621105,0.044884401126445074,1000,0.1717418414838612,0.06368866490183377,1000,0.14639315219968557,0.06192473178267053,1000,6.6064044765234,3.576115314698041,1000,0.05509803939354606,0.06636270771625559,1000,0.001419369389721937,0.0020140124222501887,0.0019582319592825782,0.1130866956985563,0.0020985730807939877
vanilla,0.11937131440266967,0.045082344015731836,1000,0.17241616867482662,0.06511451816052617,1000,0.14773506701737643,0.058520857297912836,1000,6.637032077789307,3.326661834112391,1000,0.05381426480668597,0.06255712777870524,1000,0.0014256288934897442,0.0020591018613166016,0.0018505919968709143,0.1051982840094838,0.0019782300765889835
stoch_iso,0.13655574865452946,0.057361169182818264,1000,0.20162031283974646,0.08308848722222043,1000,0.17196238330751656,0.07802656844269407,1000,7.738963260769844,4.208544157970822,1000,0.07576727007969748,0.09035389850920529,1000,0.001813919438679651,0.0026274886696001348,0.002467416742859305,0.13308585172583273,0.0028572411476478093
curvature,0.14190544522181153,0.06071354825755273,1000,0.2022422179169953,0.08621789378100495,1000,0.1750075530074537,0.08311455358511222,1000,7.892963965654373,4.451202684500878,1000,0.08016823471395765,0.09556683941900235,1000,0.0019199309732441383,0.002726449194104422,0.0026283129603706804,0.14075938810078645,0.0030220888134761
operator_norm,0.14739385599270463,0.06651043654328763,1000,0.21256812608614564,0.0929664473981178,1000,0.18700607574544847,0.08503837360443676,1000,8.470891092181207,4.900752212526647,1000,0.09350522487598938,0.1260951274614902,1000,0.002103244676488851,0.0029398571975228667,0.0026891494910636277,0.15497539239693772,0.0039874780462755485
