,rel_mean,rel_mean,rel_mean,rel_max,rel_max,rel_max,rel_fin,rel_fin,rel_fin,abs_fin,abs_fin,abs_fin,mse_fin,mse_fin,mse_fin,rel_mean,rel_max,rel_fin,abs_fin,mse_fin
,mean,std,count,mean,std,count,mean,std,count,mean,std,count,mean,std,count,se,se,se,se,se
method,,,,,,,,,,,,,,,,,,,,
vanilla,0.15541154623031617,0.05850398589391113,1000,0.2360804692171514,0.0801099483812959,1000,0.20074653828516603,0.08145024408611472,1000,9.21199353992939,4.900495509875666,1000,0.10630045578593854,0.1224202598720415,1000,0.0018500584762312115,0.0025332990012341405,0.0025756828728878225,0.15496727474635272,0.0038712685294536434
stiefel,0.18308342145383358,0.055436290250991276,1000,0.2869435667619109,0.08078888239041754,1000,0.2559687973819673,0.09083916404157177,1000,11.639217519283294,5.422583588349483,1000,0.1609828053577803,0.15511707431235305,1000,0.0017530494222331983,0.0025547687797318796,0.0028725865911703318,0.1714771494183326,0.004905232588086324
stoch_iso,0.18321595653519035,0.080869021524488,1000,0.25866718183457854,0.1103610839172121,1000,0.2053878455273807,0.09066071707958018,1000,9.377390893697738,5.153326085163737,1000,0.11178288338659331,0.12955553786942176,1000,0.002557303001665642,0.0034899239022336765,0.0028669436027560224,0.16296247954676257,0.004096905831555709
operator_norm,0.1835783962160349,0.0857278237352392,1000,0.2636849163919687,0.12064319726012913,1000,0.21926118968054653,0.10913554734700666,1000,9.92463458609581,5.790886569974833,1000,0.1289054728746414,0.18027643907505356,1000,0.0027109518185279946,0.003815072875469934,0.003451169033056876,0.18312391232800507,0.0057008415594174775
curvature,0.18599548929184676,0.08841058253939386,1000,0.26384133452922104,0.11782736047098266,1000,0.21468354466184975,0.09812228722648757,1000,9.655867593050003,4.895403378931235,1000,0.11443045727629214,0.1203687628989223,1000,0.002795788100867978,0.0037260282977399526,0.0031028991686094676,0.15480624742707044,0.0038063944989736647
