,rel_mean,rel_mean,rel_mean,rel_max,rel_max,rel_max,rel_fin,rel_fin,rel_fin,abs_fin,abs_fin,abs_fin,mse_fin,mse_fin,mse_fin,rel_mean,rel_max,rel_fin,abs_fin,mse_fin
,mean,std,count,mean,std,count,mean,std,count,mean,std,count,mean,std,count,se,se,se,se,se
method,,,,,,,,,,,,,,,,,,,,
stiefel,0.14277919127047062,0.0481047396452183,1000,0.21571151521056892,0.06494453904930084,1000,0.18525112144649028,0.06370490217840678,1000,8.444877477407456,3.9848122184921446,1000,0.0851355523308739,0.09056448498526888,1000,0.0015212054352829,0.00205372664985537,0.002014525890019877,0.1260108265850371,0.0028639004767357043
vanilla,0.14433084312081337,0.04872571607420526,1000,0.22039056249707936,0.06897956452836969,1000,0.18846867624670266,0.06764311285565121,1000,8.577069233059882,3.9922444852007226,1000,0.0873908149281051,0.08561527057245012,1000,0.001540842434171666,0.0021813253591620664,0.002139063046476743,0.12624585549480657,0.002707392575005303
stoch_iso,0.1634320490695536,0.0680011790255261,1000,0.2490489123016596,0.09137480435114013,1000,0.21151989741250873,0.07993207858718797,1000,9.565978666186332,4.585205358794314,1000,0.10987405477836729,0.11773324879352103,1000,0.0021503860929753178,0.002889525025018669,0.002527674264470878,0.14499692473399597,0.0037230522251879734
operator_norm,0.1807554403692484,0.06138601624198231,1000,0.2731380640044808,0.08689575155026816,1000,0.23499570927023888,0.08207707149517157,1000,10.633960140943527,4.663334234490433,1000,0.13164653106592594,0.11968265889658701,1000,0.0019411962780875396,0.002747884938909548,0.0025955048960122394,0.14746757671627508,0.0037846979853822945
curvature,0.18092341055348515,0.06786242965183477,1000,0.27226587574929,0.09986247679588948,1000,0.23288901429250836,0.09457524250528823,1000,10.44013606595993,4.760725732208706,1000,0.1285530141168274,0.1236080127440641,1000,0.002145998452527453,0.003157928794607245,0.0029907317657947995,0.1505473662915234,0.003908828573183623
