,rel_mean,rel_mean,rel_mean,rel_max,rel_max,rel_max,rel_fin,rel_fin,rel_fin,abs_fin,abs_fin,abs_fin,mse_fin,mse_fin,mse_fin,rel_mean,rel_max,rel_fin,abs_fin,mse_fin
,mean,std,count,mean,std,count,mean,std,count,mean,std,count,mean,std,count,se,se,se,se,se
method,,,,,,,,,,,,,,,,,,,,
vanilla,0.09179436483234167,0.03813055541466324,1000,0.13502085867896677,0.058560911437376864,1000,0.12355490339919925,0.05434171322414689,1000,5.6678412809371945,3.239736815803223,1000,0.0416111557863187,0.052524840357191446,1000,0.0012057940355760198,0.001851858619975158,0.001718435857439963,0.10244947357439572,0.0016609812926545702
stiefel,0.09860816079191864,0.03840106346797752,1000,0.14445441212505103,0.058385055670718854,1000,0.13318812939152122,0.05625420506519052,1000,6.098661289215088,3.3737945039789468,1000,0.04742653926671483,0.05743497416916825,1000,0.0012143482513149338,0.0018462975723520139,0.0017789141596818289,0.10668874989931482,0.0018162533572750868
stoch_iso,0.10787915332987905,0.051367577292690404,1000,0.15976513386145233,0.07807718661768759,1000,0.1475654755681753,0.07370292832859199,1000,6.772156243681907,4.135900154444573,1000,0.061475258492631836,0.07829290742145723,1000,0.001624385421296474,0.00246901743009911,0.0023306912374249766,0.13078864663087023,0.002475839120885053
curvature,0.11014322646707296,0.04942329717266959,1000,0.16112513959407807,0.07440862743588686,1000,0.15136587724648415,0.07309248941541002,1000,6.944519846975803,4.17762800164562,1000,0.06412253804749343,0.08213717759021816,1000,0.0015629018854099608,0.0023530074026429696,0.0023113874640444485,0.13210819702097815,0.002597405617628297
operator_norm,0.1155511683318764,0.05281593712789577,1000,0.17127501019462943,0.08283595766663301,1000,0.16031817128881812,0.07967651439267237,1000,7.351829405903816,4.383941649798733,1000,0.07153234504186548,0.08804005627771914,1000,0.0016701865808040248,0.002619502983878472,0.002519592615040322,0.13863240742640243,0.0027840710316699812
