,rel_mean,rel_mean,rel_mean,rel_max,rel_max,rel_max,rel_fin,rel_fin,rel_fin,abs_fin,abs_fin,abs_fin,mse_fin,mse_fin,mse_fin,rel_mean,rel_max,rel_fin,abs_fin,mse_fin
,mean,std,count,mean,std,count,mean,std,count,mean,std,count,mean,std,count,se,se,se,se,se
method,,,,,,,,,,,,,,,,,,,,
operator_norm,0.04442063721641898,0.031499445632192716,1000,0.06652906846627593,0.06416207482366128,1000,0.047988615427166224,0.02903752145422295,1000,2.013212166786194,1.2205201970151334,1000,0.005411331138515379,0.011050920113960415,1000,0.0009960999323037146,0.0020289829584491607,0.0009182470540134928,0.038596237528052656,0.0003494607780068242
stoch_iso,0.04874944972991943,0.03050596643785649,1000,0.07165868725813926,0.061688933492009684,1000,0.053712787928059696,0.0286177498120425,1000,2.25022903996706,1.1962510314093107,1000,0.006340933829400455,0.010634048271336998,1000,0.0009646833616827993,0.0019507753626139515,0.0009049727091490984,0.037828779125790454,0.00033627813285601164
stiefel,0.051840978164225816,0.032080396790816305,1000,0.07860159907117487,0.06477899752935658,1000,0.06033969296421856,0.029963929669123007,1000,2.530302224457264,1.2633953016012138,1000,0.007809571150341072,0.012574080842976641,1000,0.0010144712210093578,0.0020484917673518695,0.0009475426540352419,0.0399520673821521,0.0003976273494689622
vanilla,0.054668585553765296,0.03115120500430258,1000,0.08390062290430068,0.06218031543937049,1000,0.06940179191902279,0.030122433174499766,1000,2.909117172241211,1.2595357238193197,1000,0.009812311051238793,0.01245291102484612,1000,0.0009850875967243147,0.0019663142241614427,0.0009525549749763548,0.03983001681617844,0.00039379562337935406
curvature,0.06195013134926557,0.032309939410815426,1000,0.09639029345288873,0.0630628787373589,1000,0.07803212743625045,0.03287151849165126,1000,3.2884562532901764,1.4277318302136994,1000,0.012549144861288369,0.016311356960357192,1000,0.0010217299960021552,0.0019942233261705756,0.0010394886858196056,0.04514884471396095,0.0005158103972276955
