,rel_mean,rel_mean,rel_mean,rel_max,rel_max,rel_max,rel_fin,rel_fin,rel_fin,abs_fin,abs_fin,abs_fin,mse_fin,mse_fin,mse_fin,rel_mean,rel_max,rel_fin,abs_fin,mse_fin
,mean,std,count,mean,std,count,mean,std,count,mean,std,count,mean,std,count,se,se,se,se,se
method,,,,,,,,,,,,,,,,,,,,
curvature,0.051264706248417495,0.03121942050834261,1000,0.07699637023732066,0.05946647891552415,1000,0.06123278893344104,0.02921205426717776,1000,2.5665831521749496,1.2231861802264037,1000,0.00789261454209918,0.011906164154044812,1000,0.0009872447603693438,0.0018804951780343599,0.0009237662661672261,0.038680543319566496,0.0003765059692263346
operator_norm,0.05301226419582963,0.034588118194148094,1000,0.07990611790120601,0.06756085606611031,1000,0.059340909246355295,0.032417835661241935,1000,2.493296922981739,1.3909786994249165,1000,0.007958414573746268,0.014236347361483565,1000,0.00109377233472618,0.00213646185839712,0.0010251419750255519,0.043986608669614805,0.0004501928322361653
stoch_iso,0.053816027443856,0.03332491353628458,1000,0.07858705272898078,0.06057411033808236,1000,0.05754557012952864,0.032484882762373546,1000,2.408013543784618,1.3706254381713416,1000,0.007495375746599166,0.01437286629654731,1000,0.0010538262960283554,0.0019155215590669233,0.0010272621905264275,0.0433429820358773,0.00045450994002158593
stiefel,0.07057045522332192,0.03132035798116939,1000,0.1121356378942728,0.05928766735615096,1000,0.09308252486214041,0.029705526813929958,1000,3.919217762827873,1.361670032394512,1000,0.016809139668243007,0.016099504460920448,1000,0.0009904366835232837,0.0018748406600385026,0.0009393712382722348,0.04305978723961919,0.0005091110329654991
vanilla,0.07526602058857679,0.03157225381599867,1000,0.1187870701700449,0.05860758187176439,1000,0.10315666610375046,0.03404445585358928,1000,4.322889038562774,1.4728611835633834,1000,0.020365742574213072,0.01869916186435466,1000,0.0009984023292349848,0.0018533344686956982,0.0010765802219839399,0.04657596017311646,0.0005913194182752124
