,rel_mean,rel_mean,rel_mean,rel_max,rel_max,rel_max,rel_fin,rel_fin,rel_fin,abs_fin,abs_fin,abs_fin,mse_fin,mse_fin,mse_fin,rel_mean,rel_max,rel_fin,abs_fin,mse_fin
,mean,std,count,mean,std,count,mean,std,count,mean,std,count,mean,std,count,se,se,se,se,se
method,,,,,,,,,,,,,,,,,,,,
stiefel,0.1242644524909556,0.04532072736096151,1000,0.183386845394969,0.06797058559116852,1000,0.15465827478840946,0.06374329943222368,1000,6.971275443911552,3.629647689193315,1000,0.060312352506211024,0.06935601516003843,1000,0.0014331672367615042,0.0021494186436351492,0.0020157401177994467,0.11477953801817802,0.00219322977338889
vanilla,0.13064484795555473,0.04474885479008356,1000,0.19505040741711854,0.06488871137718089,1000,0.17325059182755648,0.06091519438752119,1000,7.775159897565842,3.579071355189914,1000,0.0715332552040927,0.07387750274693167,1000,0.001415083038208,0.0020519612238517285,0.001926307583764725,0.11318017390665631,0.002336211765256501
stoch_iso,0.15179701238870622,0.0734396582043257,1000,0.2181408100016415,0.10183836672096323,1000,0.18179574658349157,0.09531867284383114,1000,8.161902698636055,4.895551305693795,1000,0.08843663271539845,0.11284106195818713,1000,0.002322365905099406,0.00322041192029737,0.0030142410973094556,0.1548109252820363,0.0035683476938005113
curvature,0.1567270294316113,0.06927223612609151,1000,0.2252375520505011,0.10010662214590302,1000,0.19100669321790337,0.09236361481435867,1000,8.549830981373788,4.688818301857239,1000,0.09283461090619675,0.10348868298732708,1000,0.0021905804477144815,0.0031656493484690626,0.0029207939573984362,0.14827345368551784,0.0032725995029107184
operator_norm,0.16314707883447407,0.07744493252687909,1000,0.23462093540281057,0.114890371302689,1000,0.19960599179193378,0.10775434166463019,1000,8.94774772143364,5.397151234266672,1000,0.1066038097704295,0.1354911571629273,1000,0.0024490238002299724,0.003633152545389437,0.003407491474322109,0.17067290776671692,0.004284606594466879
