,rel_mean,rel_mean,rel_mean,rel_max,rel_max,rel_max,rel_fin,rel_fin,rel_fin,abs_fin,abs_fin,abs_fin,mse_fin,mse_fin,mse_fin,rel_mean,rel_max,rel_fin,abs_fin,mse_fin
,mean,std,count,mean,std,count,mean,std,count,mean,std,count,mean,std,count,se,se,se,se,se
method,,,,,,,,,,,,,,,,,,,,
stoch_iso,0.03497413583658636,0.024491258511084326,1000,0.05563592478446663,0.058022309532942934,1000,0.03985374325141311,0.0192099915043307,1000,1.665717410326004,0.805590837509912,1000,0.003342716889164876,0.005784482163509422,1000,0.0007744815965901065,0.0018348265322740023,0.0006074732698616934,0.025475019086939298,0.000182921387213083
operator_norm,0.04498279826156795,0.03169172217225179,1000,0.06676056794077158,0.06529152901817145,1000,0.04932858975790441,0.029720120381138027,1000,2.0648254395723344,1.248305933657264,1000,0.005683802285435377,0.011411920115867235,1000,0.0010021802503757473,0.002064699436123991,0.0009398327273878772,0.03947489967059997,0.000360876600420331
vanilla,0.04527198359556496,0.029415176460754828,1000,0.06885142456926406,0.05722297979452144,1000,0.05494623228348792,0.02723168358629881,1000,2.2976227754950522,1.1292686467961017,1000,0.006399455893202685,0.010446984619671583,1000,0.0009301895539175576,0.0018095495065248172,0.0008611414465372666,0.035710610140918884,0.000330362660789101
curvature,0.04661928429827094,0.03099495875959927,1000,0.07050023085810245,0.06348960323709493,1000,0.053385072857141495,0.02885118095278672,1000,2.236236934661865,1.2043460562374795,1000,0.006298588496283628,0.011811304281152225,1000,0.00098014665663321,0.002007717539696193,0.0009123544499647291,0.03808476628751672,0.0003735062366573882
stiefel,0.04991616019047797,0.029803538813561188,1000,0.07414858751744031,0.05917194289718255,1000,0.05774161406047642,0.027297248960434214,1000,2.414370541930199,1.1422271728077673,1000,0.0069653938870178535,0.010541337610816106,1000,0.0009424706498408575,0.001871181131325194,0.0008632148057163563,0.0361203947140729,0.00033334636434976487
