,rel_mean,rel_mean,rel_mean,rel_max,rel_max,rel_max,rel_fin,rel_fin,rel_fin,abs_fin,abs_fin,abs_fin,mse_fin,mse_fin,mse_fin,rel_mean,rel_max,rel_fin,abs_fin,mse_fin
,mean,std,count,mean,std,count,mean,std,count,mean,std,count,mean,std,count,se,se,se,se,se
method,,,,,,,,,,,,,,,,,,,,
stoch_iso,0.04144950474984944,0.02563655243121136,1000,0.06444979710690678,0.057288720851600757,1000,0.05090793801657856,0.024165695742959306,1000,2.1313970100283623,0.999538602023624,1000,0.005411065958673134,0.008194237146143897,1000,0.0008106989703695504,0.001811628421286395,0.0007641863979038632,0.031608185916552387,0.0002591245306937274
operator_norm,0.04684684114344418,0.0302916742624435,1000,0.07165663949027658,0.06485921673156622,1000,0.05312126882188022,0.028551627939015754,1000,2.2243782259225844,1.189585688666292,1000,0.006212458469439298,0.010248565259855917,1000,0.0009579068480922255,0.0020510285212625105,0.0009028817519298887,0.037618002481254326,0.0003240880897002011
stiefel,0.04760947642847896,0.02495072554762055,1000,0.0761711350902915,0.054379869689091094,1000,0.06274328950792551,0.025094009985099874,1000,2.621444717645645,1.0198000682258415,1000,0.007725512297125533,0.00990539617392612,1000,0.0007890112200423291,0.0017196424708068037,0.0007935422717992357,0.032248909735887676,0.0003132361303592391
vanilla,0.051184379287064076,0.030393417473761966,1000,0.07789588642492891,0.06238528950701859,1000,0.05887181633338332,0.02905296876635901,1000,2.4679732798337937,1.2249466364583765,1000,0.007411997920076828,0.011391375862546946,1000,0.0009611242509344873,0.001972796073311817,0.0009187355409142678,0.03873621383370721,0.0003602269340871351
curvature,0.0537476701438427,0.032554810601445466,1000,0.08125950076244771,0.06482129811421375,1000,0.06272586959041655,0.030406301983747348,1000,2.625993420779705,1.2730178932277187,1000,0.008315229903557337,0.011671194746517238,1000,0.0010294735029596372,0.0020498294292969283,0.0009615316949153771,0.0402563604474863,0.00036907558414386014
