,rel_mean,rel_mean,rel_mean,rel_max,rel_max,rel_max,rel_fin,rel_fin,rel_fin,abs_fin,abs_fin,abs_fin,mse_fin,mse_fin,mse_fin,rel_mean,rel_max,rel_fin,abs_fin,mse_fin
,mean,std,count,mean,std,count,mean,std,count,mean,std,count,mean,std,count,se,se,se,se,se
method,,,,,,,,,,,,,,,,,,,,
stiefel,0.15241984004899858,0.050869006295892936,1000,0.2285967916250229,0.07689953671991487,1000,0.18571745910495518,0.07479718393320219,1000,8.68149664568901,5.023262786823542,1000,0.09821906202053651,0.1242650001684986,1000,0.0016086192220446688,0.0024317768704668476,0.002365294637954705,0.15884951691927243,0.00392960433973663
stoch_iso,0.1595760397128761,0.06067473373914571,1000,0.23379677817970515,0.08559014700604517,1000,0.18733160021528603,0.07465345022550787,1000,8.638404937028884,4.675469860754265,1000,0.09419941252330317,0.11152360962115533,1000,0.0019187035503996513,0.0027065980980774413,0.002360749379026156,0.14785133891453775,0.0035266861928631883
curvature,0.16392918749153615,0.06895070904375841,1000,0.23782332787290217,0.09210476781529621,1000,0.19104032853990793,0.07906396263828437,1000,8.85003227508068,5.039491986891073,1000,0.10126382240094245,0.13223379937300234,1000,0.0021804128686184706,0.0029126084965730675,0.002500222027754341,0.159362729287432,0.004181599896764327
operator_norm,0.1698269047215581,0.07032956051736615,1000,0.242399580411613,0.09652879201487598,1000,0.20110505684837698,0.08987653188498432,1000,9.23335227751732,5.291341716478253,1000,0.11057138036540709,0.13908222257777417,1000,0.0022240159807352705,0.0030525084255168216,0.0028421454895329696,0.16732691702336186,0.004398166053842615
vanilla,0.1764696342125535,0.054122956204116564,1000,0.26735297893732785,0.07148376354009293,1000,0.22803167516738176,0.07703970158247125,1000,10.504949589967728,5.074013877264901,1000,0.13288460673345254,0.1391847652332133,1000,0.001711518153065494,0.002260515085075948,0.002436209272602874,0.16045440731459137,0.004401408737327709
