,rel_mean,rel_mean,rel_mean,rel_max,rel_max,rel_max,rel_fin,rel_fin,rel_fin,abs_fin,abs_fin,abs_fin,mse_fin,mse_fin,mse_fin,rel_mean,rel_max,rel_fin,abs_fin,mse_fin
,mean,std,count,mean,std,count,mean,std,count,mean,std,count,mean,std,count,se,se,se,se,se
method,,,,,,,,,,,,,,,,,,,,
vanilla,0.09588781409338117,0.040681490966364406,1000,0.14312750881910324,0.06135864861388175,1000,0.13204057150147855,0.05763956308604716,1000,6.114982929587364,3.641156322344943,1000,0.04945095480873715,0.06627126529773031,1000,0.001286461700652759,0.0019403308376979977,0.0018227230268887291,0.11514347295332267,0.0020956814176210452
stiefel,0.10056685248762369,0.04022903372794681,1000,0.14941639829054476,0.06122369226904627,1000,0.1382148470841348,0.058705308661012756,1000,6.345264099597931,3.572896966597924,1000,0.051772659847978506,0.06426763523697267,1000,0.0012721537464804645,0.0019360631433542853,0.0018564248611200992,0.11298492259555984,0.0020323210718172884
curvature,0.12077842777967453,0.05585703858547667,1000,0.17462973428890108,0.08370364373886179,1000,0.16062675179354846,0.08176413540284147,1000,7.365532292842865,4.456469931244184,1000,0.07235481471254025,0.08749065056417085,1000,0.0017663546528201605,0.0026469416267009545,0.002585608987873881,0.14092595306785596,0.0027666972975267552
stoch_iso,0.12202856811136008,0.06242900598407148,1000,0.1779600375778973,0.09244743146189127,1000,0.16433905251137912,0.08822741016320264,1000,7.506955784320831,4.689858592217814,1000,0.07649137115629856,0.09448544020110512,1000,0.001974178509699473,0.0029234444725188616,0.0027899956817360834,0.1483063505551912,0.0029878919675913004
operator_norm,0.12488886304944753,0.06101184673480686,1000,0.18332899467647076,0.09189791052435309,1000,0.17110363607481122,0.08772267214409887,1000,7.802905998826027,4.678948344060577,1000,0.08081641297251918,0.0976946567812919,1000,0.0019293639993509682,0.002906067094673144,0.0027740344641155887,0.14796133821504592,0.0030893763065729662
