,rel_mean,rel_mean,rel_mean,rel_max,rel_max,rel_max,rel_fin,rel_fin,rel_fin,abs_fin,abs_fin,abs_fin,mse_fin,mse_fin,mse_fin,rel_mean,rel_max,rel_fin,abs_fin,mse_fin
,mean,std,count,mean,std,count,mean,std,count,mean,std,count,mean,std,count,se,se,se,se,se
method,,,,,,,,,,,,,,,,,,,,
operator_norm,0.05507179274968803,0.0338641619356887,1000,0.07995564604178071,0.0642835029056718,1000,0.057578725155442954,0.03124006509847039,1000,2.4227002977132797,1.338450477400628,1000,0.00747962406440638,0.012530744522330016,1000,0.0010708788276955275,0.0020328228515597503,0.000987897599630988,0.04232552043925709,0.000396256934682415
stoch_iso,0.05538584781065583,0.033774669701879374,1000,0.08216086078435182,0.06367118787845912,1000,0.06223868702352047,0.03252755103143945,1000,2.617905549347401,1.3803188466957323,1000,0.008551566689100582,0.012952660682140077,1000,0.0010680488347781895,0.0020134597502443497,0.001028611479667079,0.043649514528152966,0.00040959909514872887
curvature,0.05818085809983313,0.033546912968513073,1000,0.08507164420187473,0.06504834184631349,1000,0.06633191813528538,0.029957860346784517,1000,2.7817937808036803,1.2723848841773593,1000,0.009136446288553998,0.012393984032612671,1000,0.0010608465344794178,0.002057009182515931,0.0009473507252108082,0.04023634294369994,0.0003919321882681465
stiefel,0.06120070624910295,0.03375678919157966,1000,0.08884424728527665,0.06542124238273854,1000,0.06263876646757126,0.03060792397224955,1000,2.6416257229447364,1.3431266619885538,1000,0.008574581743858289,0.012038292557851092,1000,0.0010674834033954576,0.0020688013328739483,0.0009679075420157696,0.0424733943798293,0.0003806842362226377
vanilla,0.06968962331302464,0.03315496180408388,1000,0.10693554816767574,0.06301882359063306,1000,0.08689316022209823,0.029929433870592836,1000,3.6473473975658415,1.2812370025875215,1000,0.014592841458215844,0.013797569789181001,1000,0.0010484519503679037,0.0019928301801075098,0.0009464518011046255,0.040516271506636156,0.00043631746708941216
