,rel_mean,rel_mean,rel_mean,rel_max,rel_max,rel_max,rel_fin,rel_fin,rel_fin,abs_fin,abs_fin,abs_fin,mse_fin,mse_fin,mse_fin,rel_mean,rel_max,rel_fin,abs_fin,mse_fin
,mean,std,count,mean,std,count,mean,std,count,mean,std,count,mean,std,count,se,se,se,se,se
method,,,,,,,,,,,,,,,,,,,,
vanilla,0.148406543366611,0.05435591943009551,1000,0.21871463618054987,0.07770046696851307,1000,0.1786042852923274,0.0725412072963917,1000,8.250269815802573,4.591930388695409,1000,0.08704266700451262,0.10696401516259665,1000,0.0017188850971170339,0.0024571045087918,0.002293954392750229,0.14520958885219795,0.003382499155905912
stiefel,0.1493114563859999,0.0529725999027639,1000,0.21984934697672726,0.07673630566141237,1000,0.17563690510392188,0.07043912468562405,1000,8.155085050702095,4.5995858401741145,1000,0.08558637266606092,0.10652749862615542,1000,0.0016751406927354795,0.002426615051169367,0.0022274807039516396,0.14545167548409407,0.00336869529099109
operator_norm,0.16671600431576372,0.06570686334815035,1000,0.23546806017309427,0.08745281597622004,1000,0.19429809134081005,0.08041002458798889,1000,8.922030959367753,4.878025971388114,1000,0.10095115115004592,0.11958739399362743,1000,0.002077833460855923,0.00276550086280417,0.0025427882440818735,0.15425672555041792,0.0037816854446380225
curvature,0.16826894755661487,0.06529753294083462,1000,0.2427132137492299,0.08698557141752541,1000,0.19945840975269674,0.08038523046018117,1000,9.15659172296524,4.888525158457285,1000,0.10519233624264598,0.12109693926581806,1000,0.002064889296829102,0.0027507252925062175,0.0025420041849171767,0.15458873899760558,0.003829421457550635
stoch_iso,0.17295838437601924,0.06839822210471558,1000,0.2516296849474311,0.09585830926246043,1000,0.20828112694248557,0.09339680591877188,1000,9.539646691441536,5.3283990479428045,1000,0.11657060911227017,0.1352760781794586,1000,0.002162941697569771,0.0030313058992219024,0.002953466328880142,0.16849877273771993,0.0042778051998209315
