,rel_mean,rel_mean,rel_mean,rel_max,rel_max,rel_max,rel_fin,rel_fin,rel_fin,abs_fin,abs_fin,abs_fin,mse_fin,mse_fin,mse_fin,rel_mean,rel_max,rel_fin,abs_fin,mse_fin
,mean,std,count,mean,std,count,mean,std,count,mean,std,count,mean,std,count,se,se,se,se,se
method,,,,,,,,,,,,,,,,,,,,
vanilla,0.152562285926193,0.05654170771700914,1000,0.22723593604564668,0.08538318755052804,1000,0.17554339922219514,0.07567662071199929,1000,8.213194422245026,4.953420500333784,1000,0.08981289101322182,0.11935333430831375,1000,0.0017880057918126808,0.002700053465450017,0.0023931048707459103,0.156640909896256,0.0037742838274978877
stiefel,0.16016996584832668,0.048825550543425716,1000,0.24095592134445906,0.07095010450332664,1000,0.19317464932054282,0.06821281556604132,1000,8.979336488366126,4.6812668460188345,1000,0.1001179967103526,0.11442357882055564,1000,0.0015439994772889721,0.0022436393045748176,0.0021570786280167837,0.14803465568452248,0.003618391271007588
stoch_iso,0.1614955326616764,0.06559069157375552,1000,0.23099934117496013,0.09230087387837273,1000,0.18243862811103465,0.0811610826865065,1000,8.384214452505113,4.854820262831488,1000,0.09164137029461562,0.11690842489041364,1000,0.0020741597867868144,0.002918809914795972,0.0025665387865461816,0.15352289661284796,0.0036969690031642796
operator_norm,0.1710137318149209,0.06389566487901538,1000,0.24493819966167213,0.08922967538358621,1000,0.19460837442427872,0.07451094282336546,1000,8.977180750370026,4.815522814740752,1000,0.10132406716188416,0.12067754224124606,1000,0.0020205583362851564,0.0028216900908959106,0.00235624289928412,0.15228020219085833,0.0038161589591351837
curvature,0.1778709342852235,0.05871501729305455,1000,0.25682075003534555,0.07848034333736084,1000,0.21336384542286396,0.07814911435839246,1000,9.829812618255616,5.033335751138295,1000,0.11907651444058866,0.1318739073688931,1000,0.0018567318750222646,0.002481766364980805,0.0024712919849748842,0.1591680520195146,0.004170219112317648
