,rel_mean,rel_mean,rel_mean,rel_max,rel_max,rel_max,rel_fin,rel_fin,rel_fin,abs_fin,abs_fin,abs_fin,mse_fin,mse_fin,mse_fin,rel_mean,rel_max,rel_fin,abs_fin,mse_fin
,mean,std,count,mean,std,count,mean,std,count,mean,std,count,mean,std,count,se,se,se,se,se
method,,,,,,,,,,,,,,,,,,,,
stiefel,0.13604052586480975,0.05135258731974008,1000,0.2157267485484481,0.07076029487902928,1000,0.18325390553846954,0.0668226310031856,1000,8.411755582928658,4.221083518932461,1000,0.08648179757711477,0.09609057196574498,1000,0.0016239113967306004,0.002237636997228813,0.0021131171321504875,0.13348238113625052,0.0030386506908007733
vanilla,0.14239128214493393,0.05158078042109753,1000,0.22014698973298072,0.06893570279606007,1000,0.18852672852948307,0.061782213133966986,1000,8.568069417715073,3.8567543906343595,1000,0.08620263001276181,0.08884916724195756,1000,0.0016311274961968727,0.0021799383293998765,0.0019537251238930524,0.12196128250259347,0.0028096573669380656
operator_norm,0.16762775088474155,0.07089654806803519,1000,0.23955859161913395,0.09852403823289282,1000,0.20746184147149324,0.08933619525428656,1000,9.402388724565506,5.078919617518421,1000,0.11149857726041228,0.15745217874350895,1000,0.0022419457013860135,0.0031156036509345226,0.0028250585449707075,0.16060954044269435,0.004979075073854369
stoch_iso,0.16928561203554274,0.07017485131851584,1000,0.23910776814073323,0.08966048577283742,1000,0.1996938136704266,0.08649257256848879,1000,9.112574064731598,4.9624144254229074,1000,0.10511712635192089,0.12282786176977739,1000,0.0022191236463018015,0.0028353135115928856,0.0027351353000382448,0.15692532278012164,0.003884158033208168
curvature,0.1721787718459964,0.07068903450338002,1000,0.24228371112048627,0.10179827867983163,1000,0.19796623756363987,0.08081553159491273,1000,9.00758028614521,4.706547287987504,1000,0.10084564295690507,0.11436730622644622,1000,0.002235383546289104,0.003219144225128266,0.0025556115015722435,0.14883409345328955,0.003616611775335269
