,rel_mean,rel_mean,rel_mean,rel_max,rel_max,rel_max,rel_fin,rel_fin,rel_fin,abs_fin,abs_fin,abs_fin,mse_fin,mse_fin,mse_fin,rel_mean,rel_max,rel_fin,abs_fin,mse_fin
,mean,std,count,mean,std,count,mean,std,count,mean,std,count,mean,std,count,se,se,se,se,se
method,,,,,,,,,,,,,,,,,,,,
stiefel,0.1281673828996718,0.046130937557726764,1000,0.19769542609155177,0.06301250632808202,1000,0.1715868560820818,0.05728737446764397,1000,7.794449091911316,3.6291505545756086,1000,0.07217871052375995,0.07875520218160502,1000,0.0014587883328142182,0.001992630410725124,0.0018115858448873093,0.11476381724122132,0.0024904581648093355
vanilla,0.13733410165458917,0.05204099761069085,1000,0.21578024404495955,0.07159612851598005,1000,0.1940503971017897,0.06934903263574128,1000,8.748209717988967,3.9836807063438626,1000,0.09021974207088351,0.09257915588161454,1000,0.0016456808415716369,0.0022640683776062797,0.0021930089665829254,0.12597504502914986,0.002927609964416757
curvature,0.14860725900903343,0.05781253015625475,1000,0.220771707367152,0.07923489737171764,1000,0.18172698624059558,0.06998616272987437,1000,8.30820861005783,4.194980502197384,1000,0.08457675178709906,0.09166041365214747,1000,0.0018281927259093515,0.0025056274586431693,0.0022131567892159057,0.13265693126940717,0.002898556784139787
stoch_iso,0.16119984049722552,0.06672417775596609,1000,0.23835647029057144,0.08646277100414647,1000,0.19968078596517444,0.07954594514658575,1000,9.125043346405029,4.763855284750844,1000,0.10345511604542844,0.11807980953506624,1000,0.002110003767107955,0.002734192891826667,0.0025154636529402742,0.15064633143242667,0.0037340114380967717
operator_norm,0.16156618164852263,0.06923432803096283,1000,0.23855583588406443,0.0911866001837718,1000,0.19990793966501952,0.08254150230138545,1000,9.012995960474015,4.463589516699024,1000,0.09876738682505674,0.10388113090823711,1000,0.002189381688490832,0.002883573486678474,0.002610191487644081,0.14115109412819096,0.003285009795841452
