,rel_mean,rel_mean,rel_mean,rel_max,rel_max,rel_max,rel_fin,rel_fin,rel_fin,abs_fin,abs_fin,abs_fin,mse_fin,mse_fin,mse_fin,rel_mean,rel_max,rel_fin,abs_fin,mse_fin
,mean,std,count,mean,std,count,mean,std,count,mean,std,count,mean,std,count,se,se,se,se,se
method,,,,,,,,,,,,,,,,,,,,
stiefel,0.11851885144039989,0.047393865335385095,1000,0.17566541836038232,0.07089299352236672,1000,0.14037905473820866,0.0643430792706641,1000,6.430780986189842,3.9069497143821805,1000,0.05527728111576289,0.07596960297409329,1000,0.0014987256157911685,0.0022418332967824193,0.002034706821640642,0.12354859801192,0.0024023697833683647
vanilla,0.13433369068801404,0.05029485673625962,1000,0.19979522455483675,0.07317388794244008,1000,0.175276135019958,0.0718559647148089,1000,7.921418685674667,4.199859456190908,1000,0.0784863813384436,0.09432782274600536,1000,0.0015904630187844294,0.002313961511480426,0.0022722851196748752,0.13281121734159426,0.0029829076660201547
stoch_iso,0.14999712623655795,0.06317165279824676,1000,0.20982378809526564,0.08313168234199023,1000,0.17942221889272333,0.08008691127523002,1000,8.108616997122764,4.509312632607017,1000,0.08404612883483059,0.0981550099961991,1000,0.00199766306399809,0.0026288546192228986,0.00253257050397547,0.14259698600808232,0.0031039339534458437
operator_norm,0.154573093470186,0.07186307021580975,1000,0.22353193533420562,0.10029761867215994,1000,0.19431005578674376,0.09353618567321029,1000,8.683823249459266,4.707907343844761,1000,0.09526466108183376,0.10557976251467383,1000,0.002272509815345668,0.003171689188950583,0.002957873903717545,0.14887710219582942,0.003338725243660359
curvature,0.16251626171544195,0.06248628540443342,1000,0.23401536828279496,0.08529991813551788,1000,0.20953092082217337,0.08550121255018792,1000,9.405270591616631,4.647910094178408,1000,0.10746150420000776,0.10843035362305206,1000,0.001975989844013453,0.002697420255341398,0.0027037857436476753,0.14697982257291486,0.00342886884946335
