,rel_mean,rel_mean,rel_mean,rel_max,rel_max,rel_max,rel_fin,rel_fin,rel_fin,abs_fin,abs_fin,abs_fin,mse_fin,mse_fin,mse_fin,rel_mean,rel_max,rel_fin,abs_fin,mse_fin
,mean,std,count,mean,std,count,mean,std,count,mean,std,count,mean,std,count,se,se,se,se,se
method,,,,,,,,,,,,,,,,,,,,
stiefel,0.1497344618141651,0.05767683644084647,1000,0.2239373003691435,0.08534024980919497,1000,0.1777078450061381,0.07700818918754747,1000,8.26641125023365,4.886145654416765,1000,0.09002353458642029,0.11574541465260695,1000,0.001823901713860743,0.0026986956548480604,0.002435212763178015,0.15451349247290944,0.0036601913902286473
vanilla,0.15425142883881926,0.059858462241863926,1000,0.22751687321811914,0.08227261872806654,1000,0.1905592415332794,0.07528891319015484,1000,8.722085512638092,4.5871163948048235,1000,0.09481969806784764,0.1101436443324241,1000,0.0018928907791947874,0.0026016886424731545,0.0023808444823958308,0.1450573569988341,0.0034830478588195627
curvature,0.16631193327531218,0.06587855328678308,1000,0.2376012244746089,0.08868249860747465,1000,0.19172661655582487,0.08110185913965762,1000,8.834418760299682,4.9641764493523635,1000,0.10025914026692044,0.12247724980101803,1000,0.002083262773430063,0.0028043868419433053,0.00256466597355462,0.15698104286920966,0.003873070709246214
operator_norm,0.18212900632247328,0.07097523231681552,1000,0.2600259627252817,0.09393406174739086,1000,0.21293953230977058,0.08205465686960603,1000,9.756778306365014,5.099795148281024,1000,0.11833654807507991,0.13516897593528993,1000,0.002244433915807265,0.0029704558499265123,0.00259479608331537,0.16126968268844172,0.004274418329480046
stoch_iso,0.18884982626140118,0.08128071545748565,1000,0.2657508974075317,0.10741110379668767,1000,0.20700725592672825,0.0939856962377627,1000,9.533128232955933,5.623720030721601,1000,0.11960462345834821,0.15653773608651983,1000,0.0025703219069370953,0.003396637339902924,0.002972088675880483,0.1778376422019235,0.004950157857997352
