,rel_mean,rel_mean,rel_mean,rel_max,rel_max,rel_max,rel_fin,rel_fin,rel_fin,abs_fin,abs_fin,abs_fin,mse_fin,mse_fin,mse_fin,rel_mean,rel_max,rel_fin,abs_fin,mse_fin
,mean,std,count,mean,std,count,mean,std,count,mean,std,count,mean,std,count,se,se,se,se,se
method,,,,,,,,,,,,,,,,,,,,
stiefel,0.13682018435746432,0.05198503794773806,1000,0.20716180950403212,0.07699465688637884,1000,0.16843818187341095,0.07044643290405336,1000,7.766888483405113,4.382205130414436,1000,0.07764558091550135,0.09536796660515218,1000,0.0016439112416513752,0.0024347848342412526,0.002227711810110386,0.13857749386184828,0.0030157999029115676
stoch_iso,0.16658131176233293,0.06789268687926878,1000,0.23449307967349886,0.08465207752982412,1000,0.19460102269425988,0.07842338214686378,1000,8.894094676494598,4.662318994574151,1000,0.0984574228078127,0.11004487668553888,1000,0.002146955270071185,0.0026769337365940447,0.0024799650939787508,0.14743547201120538,0.003479924551586637
vanilla,0.16703729934245348,0.05613184433502818,1000,0.25969502771645786,0.07840376475186978,1000,0.22932843607664108,0.07958805736551422,1000,10.374161489963532,4.644925143183719,1000,0.126149395190645,0.12051268532854659,1000,0.0017750447736470862,0.002479344737479348,0.0025167953582316506,0.14688543013444286,0.003810945725813645
operator_norm,0.1784270315282047,0.07642778368602259,1000,0.25680019400641324,0.0990085985500598,1000,0.22047764930501582,0.08815783661541579,1000,9.948884948372841,4.8029573714234495,1000,0.11916566665575373,0.12321053863619123,1000,0.0024168587296649053,0.0031309267935943352,0.0027877955729770335,0.15188284798393417,0.0038962593382654053
curvature,0.20114126832410692,0.0733837641375739,1000,0.3019010995402932,0.09960450700797656,1000,0.2709362247996032,0.10409738740116856,1000,12.265457965135575,5.864885223916352,1000,0.18047259796527215,0.17373654343608966,1000,0.002320598379513154,0.0031497710736340906,0.0032918484266060864,0.18546395523042306,0.005494031900628196
