,rel_mean,rel_mean,rel_mean,rel_max,rel_max,rel_max,rel_fin,rel_fin,rel_fin,abs_fin,abs_fin,abs_fin,mse_fin,mse_fin,mse_fin,rel_mean,rel_max,rel_fin,abs_fin,mse_fin
,mean,std,count,mean,std,count,mean,std,count,mean,std,count,mean,std,count,se,se,se,se,se
method,,,,,,,,,,,,,,,,,,,,
stiefel,0.11667563826218247,0.05566954442859941,1000,0.1728101363182068,0.07981693258088703,1000,0.13994491605460643,0.06877712140752099,1000,6.431776930689812,3.9968709779788787,1000,0.05598316098446958,0.07788229845423603,1000,0.0017604255669831097,0.0025240330280370473,0.00217492354557692,0.12639215804237952,0.002462854525243969
vanilla,0.1312722448222339,0.05976618591062395,1000,0.19516996489092708,0.08168950535941578,1000,0.1578098438717425,0.0710459382107769,1000,7.228397107243538,4.143029401445023,1000,0.0677707544369623,0.08769598595397912,1000,0.0018899727453863626,0.0025832489786828563,0.0022466698324964283,0.1310140932161037,0.002773190572687082
curvature,0.21533185321837664,0.13129845176179322,1000,0.3148870590403676,0.197580288734092,1000,0.25153801987692714,0.1598545749859769,1000,11.115617465138435,6.816807824672672,1000,0.165995459938189,0.20235526104140628,1000,0.004152021608210143,0.0062480373315343726,0.005055045513538658,0.21556639097623398,0.006399035214087799
