,rel_mean,rel_mean,rel_mean,rel_max,rel_max,rel_max,rel_fin,rel_fin,rel_fin,abs_fin,abs_fin,abs_fin,mse_fin,mse_fin,mse_fin,rel_mean,rel_max,rel_fin,abs_fin,mse_fin
,mean,std,count,mean,std,count,mean,std,count,mean,std,count,mean,std,count,se,se,se,se,se
method,,,,,,,,,,,,,,,,,,,,
stiefel,0.11640947636589408,0.05193265134680671,1000,0.17790971545130013,0.07271425992060024,1000,0.14002334066294134,0.061201356010261145,1000,6.514382306218147,3.93649669393166,1000,0.0565602413789602,0.0778575547027757,1000,0.0016422546318732017,0.002299426797225911,0.001935356808832606,0.12448295554546772,0.002462072059119251
vanilla,0.12524260417744518,0.05666305035523676,1000,0.1855329574532807,0.07902488732457855,1000,0.14854933367297055,0.06678617100949102,1000,6.846307647585869,4.049060369210936,1000,0.06176799197425135,0.08048265820466222,1000,0.0017918429829536116,0.002498986357838381,0.0021119641659149853,0.12804253150228875,0.0025450851207157064
curvature,0.19103899370878935,0.11005035117371387,1000,0.27454110795632003,0.15659709930646815,1000,0.20827098016254603,0.12267818640274254,1000,9.435342854440211,6.072906491933844,1000,0.12291895301721524,0.16847826755465692,1000,0.0034800976701032035,0.004952035087840134,0.0038794248825136496,0.19204216531733917,0.005327750617119627
