,rel_mean,rel_mean,rel_mean,rel_max,rel_max,rel_max,rel_fin,rel_fin,rel_fin,abs_fin,abs_fin,abs_fin,mse_fin,mse_fin,mse_fin,rel_mean,rel_max,rel_fin,abs_fin,mse_fin
,mean,std,count,mean,std,count,mean,std,count,mean,std,count,mean,std,count,se,se,se,se,se
method,,,,,,,,,,,,,,,,,,,,
stiefel,0.12535908204317092,0.05962605973612007,1000,0.19776548603549599,0.09050465128352694,1000,0.1714047373943031,0.07314485334879431,1000,7.748169781684876,4.119511569498543,1000,0.07518314494576771,0.109373447489134,1000,0.0018855415666739778,0.002862008368952267,0.0023130433570118453,0.1302703940703042,0.0034586920961048777
vanilla,0.12739320450648667,0.054886518519784835,1000,0.19683655158057808,0.07655139685187534,1000,0.16654078537970782,0.06848307872479663,1000,7.607872528672218,4.013082454478965,1000,0.07223481499508488,0.08479657715837276,1000,0.001735664113595336,0.002420767721193694,0.002165625099509768,0.1269048099421252,0.0026815032160666646
curvature,0.19282576647773386,0.08782203541678148,1000,0.28456057904660703,0.12265046102792232,1000,0.23205731078982353,0.09594993229893757,1000,10.54273137998581,5.417251636063506,1000,0.13717427089670672,0.15820489273661215,1000,0.002777176606690043,0.003878548129179512,0.003034203274035987,0.1713085382823423,0.005002877980303233
