,rel_mean,rel_mean,rel_mean,rel_max,rel_max,rel_max,rel_fin,rel_fin,rel_fin,abs_fin,abs_fin,abs_fin,mse_fin,mse_fin,mse_fin,rel_mean,rel_max,rel_fin,abs_fin,mse_fin
,mean,std,count,mean,std,count,mean,std,count,mean,std,count,mean,std,count,se,se,se,se,se
method,,,,,,,,,,,,,,,,,,,,
vanilla,0.11864664940349758,0.054519121519856904,1000,0.17379713472723962,0.07417125626144586,1000,0.1419205835815519,0.06464154502448206,1000,6.51405706435442,3.8350609277709666,1000,0.055787035404122436,0.07193358763030633,1000,0.0017240460003424864,0.0023455010670219425,0.002044145137496881,0.12127527497274747,0.002274739771790822
stiefel,0.12578106448799373,0.05813206840989712,1000,0.1868588044755161,0.08388617073803224,1000,0.154150208927691,0.07462624721643837,1000,7.002519382178783,4.101396486163346,1000,0.06429678640229394,0.08117153968550535,1000,0.0018382974127199763,0.0026527136372194978,0.0023598891443474576,0.1296975448368744,0.002566869465889446
curvature,0.18099884584918619,0.09899299044501035,1000,0.26680573682114483,0.15915919090145852,1000,0.19267640027031302,0.10047864957684412,1000,8.69556806731224,5.118781654502461,1000,0.09940295720554422,0.12359469084405501,1000,0.0031304332219751806,0.005033055537981567,0.0031774138888074114,0.1618700887331287,0.003908407297715725
