,rel_mean,rel_mean,rel_mean,rel_max,rel_max,rel_max,rel_fin,rel_fin,rel_fin,abs_fin,abs_fin,abs_fin,mse_fin,mse_fin,mse_fin,rel_mean,rel_max,rel_fin,abs_fin,mse_fin
,mean,std,count,mean,std,count,mean,std,count,mean,std,count,mean,std,count,se,se,se,se,se
method,,,,,,,,,,,,,,,,,,,,
stiefel,0.2240535118728876,0.020742710083547507,1000,0.2840951940119267,0.03078714366997289,1000,0.2500666080266237,0.02756273591270499,1000,10.496056495666505,1.4200563844883958,1000,0.10955248590558768,0.031031331761167506,1000,0.0006559420870855166,0.000973574966479496,0.000871610240298677,0.04490612580847133,0.000981296871936135
vanilla,0.35748209336400033,0.019603597766954937,1000,0.45192809095978737,0.026559513379052654,1000,0.44789800253510476,0.02561121231834149,1000,18.779985372543337,1.5977781387817442,1000,0.34691229709982874,0.06243283253333584,1000,0.0006199201927736832,0.000839885558235214,0.0008098976456412051,0.05052618114174923,0.0019742995158120156
curvature,0.6306866320967675,0.0614105381682428,1000,0.9442968403697014,0.12258410824662891,1000,0.9410848353505135,0.12605621779575377,1000,39.53897316360474,6.347042067288099,1000,1.565991262972355,0.5099581836820963,1000,0.001941971729483518,0.0038764498699997703,0.003986247614608318,0.20071109337534082,0.016126293718779362
