,rel_mean,rel_mean,rel_mean,rel_max,rel_max,rel_max,rel_fin,rel_fin,rel_fin,abs_fin,abs_fin,abs_fin,mse_fin,mse_fin,mse_fin,rel_mean,rel_max,rel_fin,abs_fin,mse_fin
,mean,std,count,mean,std,count,mean,std,count,mean,std,count,mean,std,count,se,se,se,se,se
method,,,,,,,,,,,,,,,,,,,,
stiefel,0.11679900457151234,0.05949404668283298,1000,0.1721715553086251,0.08434464447635437,1000,0.14110541041381658,0.07124735826797034,1000,6.466275330066681,4.023722480332062,1000,0.05662780204846058,0.07497799093676569,1000,0.001881366947381374,0.002667211849824197,0.0022530392939681546,0.12724127710271382,0.0023710122574364134
vanilla,0.12395544917322696,0.06283233624806062,1000,0.18392707731202246,0.091066822733168,1000,0.14899445060640573,0.07687893102107961,1000,6.872605026304722,4.4369742132663745,1000,0.06533179054153151,0.09044796758800457,1000,0.0019869329325342996,0.002879785791116111,0.0024311252610558585,0.14030944433355427,0.002860215873111805
curvature,0.1779643310010433,0.08989115840591035,1000,0.2520851005911827,0.12629796852856373,1000,0.2000330458842218,0.10442144463428342,1000,9.082872971057892,5.394090441292958,1000,0.10895087514957413,0.1373864986514225,1000,0.002842608020736673,0.003993892444025262,0.0033020960160950377,0.17057611699428515,0.004344542554941465
