,metric,method,n,delta_mean,delta_median,p_less,p_two_sided
0,rel_mean,stiefel,965,-0.0008857646484140288,-0.0020418837666511536,0.0008207986862760849,0.0016415973725521697
