,rel_mean,rel_mean,rel_mean,rel_max,rel_max,rel_max,rel_fin,rel_fin,rel_fin,abs_fin,abs_fin,abs_fin,mse_fin,mse_fin,mse_fin,rel_mean,rel_max,rel_fin,abs_fin,mse_fin
,mean,std,count,mean,std,count,mean,std,count,mean,std,count,mean,std,count,se,se,se,se,se
method,,,,,,,,,,,,,,,,,,,,
stiefel,0.10830541906878352,0.0506715789584991,1000,0.16787518364563583,0.07546270833506327,1000,0.1330087111517787,0.0572896519194726,1000,6.0910121837854385,3.457623977459635,1000,0.047894177424488586,0.06256067976236955,1000,0.0016023760214591983,0.0023863403674377276,0.0018116578642377072,0.10933967061183139,0.0019783424001748925
vanilla,0.10918066186457873,0.04938065897798216,1000,0.1688701447620988,0.07005584999611662,1000,0.1351297817453742,0.054712253138186,1000,6.249232893586159,3.558642174329191,1000,0.05049236531113274,0.06876642898581628,1000,0.001561553547304661,0.0022153604940682663,0.001730153358363629,0.11253414648414228,0.0021745854215140213
