,rel_mean,rel_mean,rel_mean,rel_max,rel_max,rel_max,rel_fin,rel_fin,rel_fin,abs_fin,abs_fin,abs_fin,mse_fin,mse_fin,mse_fin,rel_mean,rel_max,rel_fin,abs_fin,mse_fin
,mean,std,count,mean,std,count,mean,std,count,mean,std,count,mean,std,count,se,se,se,se,se
method,,,,,,,,,,,,,,,,,,,,
stiefel,0.1049806494936347,0.05096469595192601,1000,0.16066575720906257,0.07444228449409614,1000,0.12394913876987994,0.05707769362640536,1000,5.768793659627438,3.5649615396756165,1000,0.04489767765451688,0.06176594130940106,1000,0.0016116451946604946,0.0023540717322757918,0.0018049551544871676,0.11273398236275672,0.0019532105636199024
vanilla,0.1089814678709954,0.06263706179108466,1000,0.16703402396291495,0.09618918984157086,1000,0.12744262221828104,0.06712076892425319,1000,5.894875565648079,3.9612414028448666,1000,0.04924345688393805,0.07825924778609765,1000,0.001980757812005334,0.0030417692618569477,0.002122545081024898,0.12526545194750374,0.002474774709755583
