,rel_mean,rel_mean,rel_mean,rel_max,rel_max,rel_max,rel_fin,rel_fin,rel_fin,abs_fin,abs_fin,abs_fin,mse_fin,mse_fin,mse_fin,rel_mean,rel_max,rel_fin,abs_fin,mse_fin
,mean,std,count,mean,std,count,mean,std,count,mean,std,count,mean,std,count,se,se,se,se,se
method,,,,,,,,,,,,,,,,,,,,
stiefel,0.1029713579788804,0.0471155957571639,1000,0.16147867649048567,0.06966155177463074,1000,0.12984609564580024,0.059606121113521135,1000,6.005540267705918,3.7180120766295426,1000,0.04870732824073639,0.07073220506190793,1000,0.0014899259590840346,0.002202891689495777,0.0018849110520657865,0.11757386530161847,0.002236748719217202
vanilla,0.10718458541110158,0.052215159423364854,1000,0.16762639169022442,0.07295040363698879,1000,0.13783125526644288,0.06597784317237519,1000,6.350226920366287,3.899878596214501,1000,0.054217993854312224,0.07314406815369252,1000,0.001651188321666371,0.0023068943172151577,0.002086402595300949,0.12332498962177936,0.0023130185269625526
