,rel_mean,rel_mean,rel_mean,rel_max,rel_max,rel_max,rel_fin,rel_fin,rel_fin,abs_fin,abs_fin,abs_fin,mse_fin,mse_fin,mse_fin,rel_mean,rel_max,rel_fin,abs_fin,mse_fin
,mean,std,count,mean,std,count,mean,std,count,mean,std,count,mean,std,count,se,se,se,se,se
method,,,,,,,,,,,,,,,,,,,,
stiefel,0.09884603663533927,0.04847035338896021,1000,0.14925004617124796,0.07230852105117788,1000,0.1132659394480288,0.05707131072749795,1000,5.289897915482521,3.538463960884978,1000,0.039542213393724525,0.05885196369899707,1000,0.0015327671570237557,0.002286596207599548,0.0018047533095009475,0.11189605534817484,0.0018610625006237884
vanilla,0.0993221816699952,0.048473999598065406,1000,0.15335813493654132,0.07232479167045505,1000,0.119008106472902,0.061286696277657905,1000,5.494694185018539,3.592332103258907,1000,0.04207383716237382,0.0599714236777087,1000,0.0015328824602797325,0.002287110729758121,0.0019380555050436217,0.1135995155804133,0.001896462933445112
