,rel_mean,rel_mean,rel_mean,rel_max,rel_max,rel_max,rel_fin,rel_fin,rel_fin,abs_fin,abs_fin,abs_fin,mse_fin,mse_fin,mse_fin,rel_mean,rel_max,rel_fin,abs_fin,mse_fin
,mean,std,count,mean,std,count,mean,std,count,mean,std,count,mean,std,count,se,se,se,se,se
method,,,,,,,,,,,,,,,,,,,,
stiefel,0.10835925316996872,0.051565337557113365,1000,0.16524526645988227,0.07281910233555537,1000,0.12561674440652132,0.05691491628888725,1000,5.917494605779648,3.7385763386114053,1000,0.04783175609807949,0.06718461930295432,1000,0.001630639149959011,0.002302742205492418,0.0017998076831070157,0.11822416436424941,0.0021245642072864972
vanilla,0.11375498112477363,0.06271728869218306,1000,0.16851552296429873,0.09017685511228138,1000,0.12752563269995154,0.0665483103298863,1000,5.973797899603844,4.02007227286941,1000,0.05061629027465824,0.07349162923687473,1000,0.001983294809376214,0.002851642543858081,0.0021044423507815204,0.12712584740757255,0.002324009373451463
curvature,0.14053195138648153,0.06427083552977779,1000,0.19751839333772658,0.08442229263469825,1000,0.15330602603591978,0.06959494529039227,1000,7.109460510849953,4.260725910491423,1000,0.06707037140754983,0.08737861132699466,1000,0.0020324222739617247,0.002669667300189038,0.0022007854075244805,0.13473598362847602,0.0027631543057589094
operator_norm,0.14619708721339703,0.06692793721378862,1000,0.2076008548885584,0.08817799259067734,1000,0.16249425497278572,0.07010362779291408,1000,7.523558899402619,4.298820669989604,1000,0.07330597451492213,0.09155561127075758,1000,0.0021164472069231566,0.002788432960879918,0.002216871360662913,0.13594064569778191,0.00289524264184577
stoch_iso,0.1527834505997598,0.06304639740819001,1000,0.21412512179091572,0.08122554534479948,1000,0.1704457250982523,0.06395497188431512,1000,7.868855414152145,4.090285283833445,1000,0.07678963723091874,0.08763595047232524,1000,0.0019937021407801687,0.0025685772747885307,0.002022433788464665,0.12934617776781984,0.0027712920840625662
