,rel_mean,rel_mean,rel_mean,rel_max,rel_max,rel_max,rel_fin,rel_fin,rel_fin,abs_fin,abs_fin,abs_fin,mse_fin,mse_fin,mse_fin,rel_mean,rel_max,rel_fin,abs_fin,mse_fin
,mean,std,count,mean,std,count,mean,std,count,mean,std,count,mean,std,count,se,se,se,se,se
method,,,,,,,,,,,,,,,,,,,,
stiefel,0.02019176507368684,0.013752416469944769,1000,0.027862761911936103,0.02828573512227441,1000,0.023171081873588264,0.010738779992224473,1000,0.9687415424287319,0.4488459160636522,1000,0.0011130091536688269,0.001443062016939129,1000,0.0004348895937623803,0.0008944734827860847,0.00033959004066874617,0.01419375413225899,4.563362778404131e-05
vanilla,0.020247271932661532,0.014021079907082951,1000,0.028373648867942393,0.02891769724412018,1000,0.023686424570158123,0.011192590475366809,1000,0.9885403906702995,0.46385397105756443,1000,0.0011642162597490823,0.0014970375987016387,1000,0.0004433854776160415,0.0009144578797859397,0.0003539407881966584,0.01466835050255726,4.734048554806308e-05
operator_norm,0.024480683538131418,0.019874416890117153,1000,0.03379995165765286,0.03334554204252194,1000,0.028924064147286117,0.01570652924863085,1000,1.205107992261648,0.6438695453201976,1000,0.0018226940539025236,0.0038805509858601374,1000,0.0006284842454049059,0.001054478626672726,0.0004966840656172658,0.02036094279228833,0.00012271379691729893
curvature,0.02464965303335339,0.019247712432096286,1000,0.034456615473143756,0.03285165328613564,1000,0.029081658424809576,0.014848790259716397,1000,1.2126846914589404,0.6099854741276759,1000,0.0017991351197706536,0.0032570290421626803,1000,0.0006086661103336327,0.0010388604928634386,0.0004695599771882699,0.019289434378611664,0.00010299630178550658
stoch_iso,0.02481933499407023,0.01816468619184538,1000,0.034523620679043236,0.03156168156239753,1000,0.028914955466985703,0.014517344360961316,1000,1.2050312084257602,0.5928295265963387,1000,0.001760933212703094,0.0028739211477565624,1000,0.0005744178134844168,0.0009980680052211796,0.0004590787375763937,0.01874691568243798,9.088136642636046e-05
