,rel_mean,rel_mean,rel_mean,rel_max,rel_max,rel_max,rel_fin,rel_fin,rel_fin,abs_fin,abs_fin,abs_fin,mse_fin,mse_fin,mse_fin,rel_mean,rel_max,rel_fin,abs_fin,mse_fin
,mean,std,count,mean,std,count,mean,std,count,mean,std,count,mean,std,count,se,se,se,se,se
method,,,,,,,,,,,,,,,,,,,,
vanilla,0.10959589785523713,0.05187858382893161,1000,0.16783213489875198,0.07037738593143045,1000,0.13327307413890957,0.058729771546830546,1000,6.145611992180347,3.5174932398998693,1000,0.048954035682138054,0.06247926639646577,1000,0.0016405448668340298,0.002225528353120109,0.0018571984454933477,0.11123290292328651,0.0019757678834925263
stiefel,0.11965056561306119,0.057439639897207496,1000,0.18556851541996003,0.08275402614728627,1000,0.14455428264290093,0.06046661763833322,1000,6.585635407090187,3.40532318081674,1000,0.05366721043712459,0.0607895495707443,1000,0.0018164009005505561,0.0026169120817455334,0.0019121223414364443,0.10768577420350303,0.00192233434579263
operator_norm,0.1428366271108389,0.05751248565083061,1000,0.21729471024125815,0.07706303255149383,1000,0.17611947510764003,0.06271914553306425,1000,8.02131458210945,3.7155130147290985,1000,0.07630148391006514,0.07703170073271207,1000,0.001818704485543761,0.0024369470626241754,0.001983353527840585,0.11749483802542694,0.0024359562635183156
curvature,0.1438910281173885,0.06424689954845872,1000,0.21113302705436945,0.08547994467362167,1000,0.17282199799641967,0.07160907958767816,1000,7.950830759525299,4.305574646758383,1000,0.07981947729038075,0.10170673078619208,1000,0.0020316653517717296,0.0027031131943382287,0.0022644779264533415,0.13615422519631395,0.0032162492265393476
stoch_iso,0.15540228893980385,0.05499322438842532,1000,0.23686671904474496,0.06971458013200584,1000,0.19562962206080556,0.06550692467687987,1000,8.90854582810402,3.987111885745377,1000,0.09301108670572285,0.09378978334771032,1000,0.0017390384494414429,0.002204568593394604,0.0020715108449202995,0.12608354844884426,0.0029658933663249663
