,rel_mean,rel_mean,rel_mean,rel_max,rel_max,rel_max,rel_fin,rel_fin,rel_fin,abs_fin,abs_fin,abs_fin,mse_fin,mse_fin,mse_fin,rel_mean,rel_max,rel_fin,abs_fin,mse_fin
,mean,std,count,mean,std,count,mean,std,count,mean,std,count,mean,std,count,se,se,se,se,se
method,,,,,,,,,,,,,,,,,,,,
vanilla,0.020441989099606872,0.014683060067602982,1000,0.02815847312193364,0.028344928360344333,1000,0.02369895382318646,0.011120311487604001,1000,0.9898519746959209,0.4616557311150877,1000,0.0011647654522676022,0.0016260801843042858,1000,0.0004643191283469132,0.0008963453373299001,0.0003516551259136393,0.01459883605193942,5.142117040467924e-05
stiefel,0.02129719326645136,0.014614843939407157,1000,0.029588166856206955,0.029246630864571813,1000,0.0246637200191617,0.011171029694079567,1000,1.0273060491085053,0.45724514523414056,1000,0.0012345915690239054,0.001380031693629784,1000,0.00046216194496434483,0.0009248596741822646,0.0003532589764266542,0.014459361079943688,4.364043395089799e-05
operator_norm,0.023665988694876433,0.01859920390019647,1000,0.03270409502275288,0.03337291561739692,1000,0.02727436092775315,0.013532985500415198,1000,1.1365914871692657,0.5550677436782093,1000,0.0015621409326122375,0.002213623789028605,1000,0.0005881584699050789,0.001055344255115787,0.00042795057723345577,0.017552783257136696,7.00009305606244e-05
stoch_iso,0.0238183401087299,0.01641530831452081,1000,0.032656587273813785,0.0286146009271461,1000,0.027481941434554756,0.012928766391911985,1000,1.1452053497731685,0.53235543669535,1000,0.0015572404332342559,0.001804548831010027,1000,0.0005190976276778541,0.0009048731326654751,0.0004088434913467901,0.016834557047308872,5.706484454985973e-05
curvature,0.024774916475638748,0.0180542429260754,1000,0.03400944971200079,0.03198867412999618,1000,0.028675173174589872,0.01352040976546019,1000,1.1950494168400765,0.5594947171088058,1000,0.0017000629046524409,0.0021370580324887247,1000,0.0005709252907638122,0.001011570695796931,0.0004275528975763716,0.017692776448954037,6.757970874622485e-05
