,rel_mean,rel_mean,rel_mean,rel_max,rel_max,rel_max,rel_fin,rel_fin,rel_fin,abs_fin,abs_fin,abs_fin,mse_fin,mse_fin,mse_fin,rel_mean,rel_max,rel_fin,abs_fin,mse_fin
,mean,std,count,mean,std,count,mean,std,count,mean,std,count,mean,std,count,se,se,se,se,se
method,,,,,,,,,,,,,,,,,,,,
stiefel,0.11398356403037906,0.04924342836354386,1000,0.17584010320529342,0.07175609019407195,1000,0.14018348736688493,0.06151914900559584,1000,6.532809510588646,3.9382472548547134,1000,0.05680847825948149,0.07753799058939059,1000,0.0015572139342413668,0.00226912681001741,0.001945406305729655,0.12453831314246507,0.002451966554551759
vanilla,0.1192469366826117,0.053776946444323605,1000,0.1859600499905646,0.07189763409664537,1000,0.15176534181460738,0.06526113350980346,1000,7.0452612202167515,4.037830698693009,1000,0.06437839665892534,0.07976585409494877,1000,0.001700576363729559,0.00227360282122782,0.002063738245753175,0.1276874181401898,0.0025224177844870694
curvature,0.1371003483608365,0.05889700925470389,1000,0.21134794306755067,0.07814199798637655,1000,0.16397732958570121,0.06850179026057275,1000,7.6493422957658765,4.414273375270308,1000,0.07615113439387641,0.09934512259727105,1000,0.001862486966168804,0.0024710669455324107,0.0021662168102254908,0.13959158080493364,0.0031415686183603906
stoch_iso,0.13718383975327014,0.06416965538622335,1000,0.20276377686485647,0.08637218920557982,1000,0.15648488228395582,0.06936428970666424,1000,7.300773982882499,4.396430423789528,1000,0.07090876219247003,0.09492708365577511,1000,0.002029222676885576,0.0027313284438464152,0.002193491437528318,0.13902733713634227,0.0030018579598959255
operator_norm,0.1458850923962891,0.06465262555383824,1000,0.21479701044410468,0.08334233196256195,1000,0.17326483068615198,0.07124084508549863,1000,7.992639456033706,4.312564117213883,1000,0.08052919572789688,0.09278269775269646,1000,0.0020444955346013397,0.0026355159451154674,0.0022528333290538862,0.1363752516590923,0.002934046523535069
