,rel_mean,rel_mean,rel_mean,rel_max,rel_max,rel_max,rel_fin,rel_fin,rel_fin,abs_fin,abs_fin,abs_fin,mse_fin,mse_fin,mse_fin,rel_mean,rel_max,rel_fin,abs_fin,mse_fin
,mean,std,count,mean,std,count,mean,std,count,mean,std,count,mean,std,count,se,se,se,se,se
method,,,,,,,,,,,,,,,,,,,,
stiefel,0.1157342292778194,0.04930676626499586,1000,0.1750289340093732,0.06800905888476377,1000,0.13860072287730874,0.05766947294310334,1000,6.469805927395821,3.8005174260167585,1000,0.054968630550662055,0.07577540009961058,1000,0.001559216854549403,0.0021506352760036433,0.001823668859616605,0.12018291353373427,0.002396228549253193
vanilla,0.11591993924230337,0.046522754584109365,1000,0.18146755386143923,0.0633752368093637,1000,0.14003473499417304,0.050384181379024534,1000,6.4513573704957965,3.287471743476919,1000,0.051188159226905554,0.05987263730891895,1000,0.001471178675108251,0.002004100955701316,0.0015932877120076094,0.10395898452831855,0.0018933390341735823
curvature,0.1465668603889644,0.06543679008496495,1000,0.2122016686797142,0.0836415236648073,1000,0.1754378218613565,0.07267685643522069,1000,8.103308059334754,4.451578704360333,1000,0.08345736074168235,0.09865418901103162,1000,0.0020692929943881234,0.0026449772174766497,0.002298243995163629,0.1407712788927998,0.0031197193799161415
stoch_iso,0.1497259387522936,0.06136231440136182,1000,0.2267593399658799,0.08111470949416612,1000,0.18217003451660274,0.07096161463835518,1000,8.351471435785294,4.3000781699427275,1000,0.0861516180774197,0.10015603942927614,1000,0.001940446760076549,0.0025650723374444945,0.0022440032870034805,0.13598041133787614,0.003167212060181433
operator_norm,0.15426389625295997,0.07201480523550238,1000,0.22057235734909772,0.09204388522947053,1000,0.178465038549155,0.07408445299589211,1000,8.259772961378097,4.651331537350491,1000,0.08773154246830381,0.10994727641155748,1000,0.0022773080979760604,0.0029106832201625694,0.00234275610674704,0.14708801810600103,0.0034768381599262605
