,rel_mean,rel_mean,rel_mean,rel_max,rel_max,rel_max,rel_fin,rel_fin,rel_fin,abs_fin,abs_fin,abs_fin,mse_fin,mse_fin,mse_fin,rel_mean,rel_max,rel_fin,abs_fin,mse_fin
,mean,std,count,mean,std,count,mean,std,count,mean,std,count,mean,std,count,se,se,se,se,se
method,,,,,,,,,,,,,,,,,,,,
stiefel,0.019298595819622278,0.013698825269298852,1000,0.02693730157148093,0.028669144759237656,1000,0.021949392524547875,0.010271218957019657,1000,0.9161620241701602,0.4242061929100909,1000,0.0009952380838512908,0.0013031190265984697,1000,0.0004331948911965384,0.0009065979600827061,0.0003248044625048122,0.013414577671446583,4.1208241863527045e-05
vanilla,0.019301820607855916,0.015351379610720467,1000,0.026558031442575156,0.027861597227079666,1000,0.022136073459871113,0.011323227159973135,1000,0.9234442659318447,0.46616188356087174,1000,0.001044764558391762,0.001748210718672102,1000,0.00048545324795745687,0.0008810610648780329,0.00035807188288994893,0.01474133310406558,5.528327700923695e-05
curvature,0.023708299631252885,0.017233629601171647,1000,0.0329680417990312,0.03077698895593088,1000,0.02749631158914417,0.013419691014118131,1000,1.1465502849817275,0.5524258324055108,1000,0.0015814909095934126,0.0020725391123151775,1000,0.000544975218914016,0.0009732538462258916,0.0004243678910030811,0.01746923868715868,6.553944134699489e-05
operator_norm,0.02407245165016502,0.018746666668526892,1000,0.033500308736227453,0.032534626080429924,1000,0.028282073194161057,0.01451704111969601,1000,1.179015089094639,0.5979399062723896,1000,0.0017062999848276377,0.002899013060973758,1000,0.0005928216520850577,0.0010288352123607508,0.0004590691482456045,0.01890852007728352,9.167484239253667e-05
stoch_iso,0.024735293610952794,0.017467927750006478,1000,0.03401306318771094,0.030205895902085965,1000,0.028905437934212387,0.013829389422788415,1000,1.2085918313264847,0.5848574469321158,1000,0.00176016638801957,0.0021557302566778905,1000,0.0005523843769328079,0.0009551942981653804,0.00043732369225452685,0.018494816388165435,6.81701763204154e-05
