,rel_mean,rel_mean,rel_mean,rel_max,rel_max,rel_max,rel_fin,rel_fin,rel_fin,abs_fin,abs_fin,abs_fin,mse_fin,mse_fin,mse_fin,rel_mean,rel_max,rel_fin,abs_fin,mse_fin
,mean,std,count,mean,std,count,mean,std,count,mean,std,count,mean,std,count,se,se,se,se,se
method,,,,,,,,,,,,,,,,,,,,
stiefel,0.019534853787627073,0.013015275451168769,1000,0.02721966526377946,0.028495236524683644,1000,0.022385165508836506,0.010266920645932877,1000,0.9350360873639584,0.4289446499451947,1000,0.0010333027358647086,0.0011951366408345552,1000,0.0004115791480016892,0.0009010984988322113,0.00032466853797355043,0.013564420839704348,3.779353900159794e-05
vanilla,0.020518378146924077,0.015255255646070085,1000,0.02824516268260777,0.028479892674795927,1000,0.02398270466923714,0.011280395553713428,1000,1.0019895910620689,0.46564109562141287,1000,0.001191980423667701,0.0017978756189768184,1000,0.0004824135412972497,0.0009006132836950024,0.0003567174285737069,0.014724864343399221,5.68538190565179e-05
operator_norm,0.024046196000650524,0.018755279141751693,1000,0.03338432609662414,0.0338947579920849,1000,0.027927873429842293,0.014124185864201264,1000,1.1645137308239937,0.5832441120142714,1000,0.0016561774842557496,0.0023308338508934035,1000,0.0005930940024018336,0.001071846359951837,0.0004466459742642967,0.018443798258474742,7.370743816244446e-05
curvature,0.02510507730860263,0.017403040396824686,1000,0.03469881776440888,0.031349086289892684,1000,0.029305843639187514,0.013957771994946543,1000,1.2208351439237595,0.5718908981681368,1000,0.0017745806503808126,0.002121257945966034,1000,0.0005503324586588655,0.0009913451524121847,0.00044138350565343286,0.018084778113307283,6.708006613983053e-05
stoch_iso,0.025454414087347686,0.017447120689935917,1000,0.03487080388795585,0.031207005741233206,1000,0.029525166025385262,0.014026050824191115,1000,1.230099707454443,0.5772331283562575,1000,0.0018027443184982985,0.0021992454218586143,1000,0.0005517263999204587,0.0009868521709624812,0.00044354267181725846,0.018253714265100997,6.95462466677108e-05
