,rel_mean,rel_mean,rel_mean,rel_max,rel_max,rel_max,rel_fin,rel_fin,rel_fin,abs_fin,abs_fin,abs_fin,mse_fin,mse_fin,mse_fin,rel_mean,rel_max,rel_fin,abs_fin,mse_fin
,mean,std,count,mean,std,count,mean,std,count,mean,std,count,mean,std,count,se,se,se,se,se
method,,,,,,,,,,,,,,,,,,,,
stiefel,0.12130841043405236,0.06435741978335116,1000,0.18190481324493885,0.0965746706599449,1000,0.13717650094814599,0.07051148880120743,1000,6.390965518593788,4.14642781963671,1000,0.056660264987964185,0.07667598676346174,1000,0.002035160308469699,0.003053959235660624,0.002229769058212711,0.1311215606353785,0.002424707600134614
vanilla,0.1317333313524723,0.08445651649280515,1000,0.2011738291569054,0.12752504937979606,1000,0.1555534197129309,0.10664416016662476,1000,7.332041816115379,6.134116513496134,1000,0.08920761230797507,0.1886884848155191,1000,0.0026707495536084,0.004032696147655985,0.0033723844528233604,0.19397779615498772,0.005966853802631364
curvature,0.13331648239307106,0.06428953529900056,1000,0.18946139289811254,0.0900438540732379,1000,0.14271053791232408,0.06853836176036172,1000,6.683927498161792,4.271520437377761,1000,0.061428249796270394,0.08441247124037786,1000,0.002033013612586359,0.0028474366817126174,0.002167373302593306,0.1350773365407236,0.002669356720430527
operator_norm,0.13786578951776027,0.0745904846558003,1000,0.20218320747092366,0.1126198031978597,1000,0.15736190864257515,0.08737359316194905,1000,7.295489694535732,4.876424906482583,1000,0.07517569369240663,0.11393261383718932,1000,0.002358758232881696,0.0035613508774515116,0.0027629956174467217,0.1542060954325855,0.0036028655950193457
stoch_iso,0.14146596559509636,0.0616489502233105,1000,0.20387908726930618,0.08278022485579714,1000,0.15737969290092588,0.0653850419812964,1000,7.286595566391945,4.078263900369307,1000,0.06807624930096791,0.08682012917097635,1000,0.0019495109806400722,0.002617740557652025,0.0020676565756662523,0.1289660282440902,0.0027454935493031155
