,rel_mean,rel_mean,rel_mean,rel_max,rel_max,rel_max,rel_fin,rel_fin,rel_fin,abs_fin,abs_fin,abs_fin,mse_fin,mse_fin,mse_fin,rel_mean,rel_max,rel_fin,abs_fin,mse_fin
,mean,std,count,mean,std,count,mean,std,count,mean,std,count,mean,std,count,se,se,se,se,se
method,,,,,,,,,,,,,,,,,,,,
vanilla,0.11472888821735978,0.04795155901464204,1000,0.17648169557005167,0.06729179882478979,1000,0.1389578437320888,0.050632791220473455,1000,6.440784651398658,3.41114569123625,1000,0.05186326756514609,0.06441578035737719,1000,0.001516361438422482,0.0021279535213617755,0.0016011494454847286,0.10786989814976017,0.00203700583186447
stiefel,0.11512523564696311,0.05104317179318517,1000,0.17964094550535084,0.07353178585062622,1000,0.14243492558039725,0.057159333835499454,1000,6.582965955734253,3.647685307829095,1000,0.05530053057149053,0.07289233979456905,1000,0.0016141268186572622,0.0023252792370772064,0.001807536844581065,0.11534993760272366,0.0023050581772976826
operator_norm,0.14521410182118416,0.05849117072888244,1000,0.22394922755658628,0.07588912190781022,1000,0.18211616656184196,0.0655227473075358,1000,8.31671606016159,3.9240049716022307,1000,0.08256853816844523,0.08730653334791148,1000,0.0018496532251303958,0.00239982474858863,0.002072011200434783,0.1240879326008739,0.002760874999928461
curvature,0.1492007136121392,0.06267709359221807,1000,0.22374251123517752,0.08375662022800741,1000,0.18804955718666316,0.0650357928593939,1000,8.609584124684334,4.097309797109082,1000,0.08876572154136375,0.09554031754240849,1000,0.0019820237287095387,0.002648616890382348,0.0020566123487059953,0.12956831238187086,0.003021250118097515
stoch_iso,0.15598956974223255,0.055361247653874006,1000,0.24089567194879055,0.07020717289986307,1000,0.20264299020171164,0.05910278682589353,1000,9.167801824331283,3.6153348891279227,1000,0.09483024062635377,0.08221868805396862,1000,0.0017506763669489487,0.0022201457444481587,0.0018689942243321712,0.11432692753916554,0.002599983204814178
