,rel_mean,rel_mean,rel_mean,rel_max,rel_max,rel_max,rel_fin,rel_fin,rel_fin,abs_fin,abs_fin,abs_fin,mse_fin,mse_fin,mse_fin,rel_mean,rel_max,rel_fin,abs_fin,mse_fin
,mean,std,count,mean,std,count,mean,std,count,mean,std,count,mean,std,count,se,se,se,se,se
method,,,,,,,,,,,,,,,,,,,,
vanilla,0.018196619106922298,0.014183336147769069,1000,0.02493738541845232,0.027990766240762202,1000,0.02059898725291714,0.01095786392865764,1000,0.8611311555504799,0.4489990538513213,1000,0.0009208451411541319,0.0015696557230123998,1000,0.00044851647046748765,0.0008851457477415756,0.00034651808304758967,0.014198596774307725,4.9636872270375576e-05
stiefel,0.02021420268714428,0.014869133587093795,1000,0.028068560095503927,0.02935602333041447,1000,0.023699474189430476,0.01143102801821205,1000,0.9896864848732948,0.4705285213060384,1000,0.0011725146731623682,0.0018003535528580204,1000,0.0004702032896852603,0.0009283189676915142,0.0003614808453475079,0.014879418313981466,5.69321782060769e-05
operator_norm,0.022338502230122684,0.017388442303173025,1000,0.030923853657208383,0.03159299913793187,1000,0.026301870805211364,0.013527992257204888,1000,1.0958001729249953,0.5517714200353487,1000,0.0014696535753682839,0.0023869648768248073,1000,0.0005498708264045086,0.0009990583539160082,0.00042779267701889827,0.017448544350971668,7.548245705589655e-05
stoch_iso,0.02315005353372544,0.014806256151087214,1000,0.032406791194342074,0.02858781203856205,1000,0.02690848831832409,0.012092728207774182,1000,1.1222781321406365,0.5019241006601419,1000,0.0014757657049776754,0.0016083738866111688,1000,0.0004682149305731375,0.0009040259936263742,0.000382405642619323,0.015872233706176717,5.086124810828689e-05
curvature,0.023770970220677555,0.016843924559153036,1000,0.03298096372373402,0.031875818526091323,1000,0.027465685229748488,0.012788427315823457,1000,1.145514681071043,0.52651699849294,1000,0.0015519011823926121,0.001758042237015433,1000,0.0005326516634297116,0.0010080018882463995,0.0004044055800951559,0.016649929420331323,5.5594176917463464e-05
