,rel_mean,rel_mean,rel_mean,rel_max,rel_max,rel_max,rel_fin,rel_fin,rel_fin,abs_fin,abs_fin,abs_fin,mse_fin,mse_fin,mse_fin,rel_mean,rel_max,rel_fin,abs_fin,mse_fin
,mean,std,count,mean,std,count,mean,std,count,mean,std,count,mean,std,count,se,se,se,se,se
method,,,,,,,,,,,,,,,,,,,,
vanilla,0.020106240944936873,0.014067629039429569,1000,0.027907157190144062,0.02894172304574876,1000,0.023224786006845535,0.01091527624957991,1000,0.9713690000772476,0.4575692371709208,1000,0.0011257011474663159,0.0015176640330889742,1000,0.00044485749042924084,0.0009152176423435166,0.0003451713423861304,0.014469609766858897,4.7992750674783074e-05
stiefel,0.020345497069880366,0.01469114451663456,1000,0.028286785684525965,0.02932253423316926,1000,0.02354894549585879,0.010997216879994134,1000,0.9847146569490433,0.4579834697555405,1000,0.0011515645147737814,0.0016120208353095809,1000,0.00046457478107258653,0.0009272599494507369,0.00034776253263632057,0.014482708951343463,5.097657475225458e-05
operator_norm,0.022687544029206037,0.0183957495625545,1000,0.03136636943463236,0.031539577219748746,1000,0.026012474318034946,0.014068673161057914,1000,1.0857581022381781,0.5795088495806336,1000,0.0014788723875390132,0.0026898878727810594,1000,0.0005817246788371833,0.0009973690045316699,0.000444890508454239,0.018325678888987156,8.506172328453387e-05
stoch_iso,0.022744416541419923,0.01627843397248614,1000,0.03135595800261944,0.029582069051887493,1000,0.02620931257400662,0.013451456278359367,1000,1.0929491814374923,0.5535684491181199,1000,0.0014654975605371875,0.002245200079194331,1000,0.0005147692809371892,0.0009354671610434221,0.00042537239685787515,0.017505371400202866,7.09994605304451e-05
curvature,0.02359898045938462,0.018022495464677133,1000,0.03284747865330428,0.03193721064296664,1000,0.026990000169724224,0.013455252166176481,1000,1.1253674546778203,0.5567177055328889,1000,0.0015391372809535823,0.002243006669549467,1000,0.0005699213478843443,0.001009943277443452,0.00042549243337032083,0.01760495963226853,7.093009882724958e-05
