,rel_mean,rel_mean,rel_mean,rel_max,rel_max,rel_max,rel_fin,rel_fin,rel_fin,abs_fin,abs_fin,abs_fin,mse_fin,mse_fin,mse_fin,rel_mean,rel_max,rel_fin,abs_fin,mse_fin
,mean,std,count,mean,std,count,mean,std,count,mean,std,count,mean,std,count,se,se,se,se,se
method,,,,,,,,,,,,,,,,,,,,
stiefel,0.10217818238958716,0.04350692714813643,1000,0.1636939609758556,0.06855478192176469,1000,0.12840217326954007,0.057451631199580244,1000,5.969042111754417,3.679967707397841,1000,0.04800594125082716,0.06791156240930345,1000,0.00137580983783125,0.0021678925536891156,0.0018167800988266529,0.1163707967124524,0.00214755216674071
vanilla,0.11087834135070443,0.043927095766061866,1000,0.17405215856432915,0.06626422950485379,1000,0.14123848866298794,0.055920136375227726,1000,6.445372244596482,3.3052827526806534,1000,0.05122733652079478,0.061156050861449526,1000,0.0013890967361709443,0.0020954589263146952,0.0017683499801295181,0.10452221809341877,0.0019339241342328302
curvature,0.1330730888172984,0.05652445608682871,1000,0.19836928566545248,0.0776308696892664,1000,0.1605826028622687,0.06518705043817423,1000,7.449191369771958,4.18033602114368,1000,0.07123846297920682,0.08830358068436009,1000,0.0017874602473654702,0.002454903649578097,0.0020613955333290772,0.1321938321165983,0.002792404405110279
operator_norm,0.13697329315915704,0.06786118615847787,1000,0.2008200040087104,0.0952011654581191,1000,0.1562453427016735,0.07008942470616562,1000,7.266440603971481,4.384949773239651,1000,0.07032198761787731,0.09522382167039811,1000,0.0021459591298148223,0.003010525187502036,0.0022164222196236123,0.1386642870887615,0.0030112416398415756
stoch_iso,0.15026995570212603,0.09314524932117503,1000,0.2214983873143792,0.13726359068361904,1000,0.17050219589844345,0.09598580836006422,1000,7.875011413931847,5.49389344027074,1000,0.09000828820245806,0.1881341120051697,1000,0.0029455114107916573,0.00434065586373305,0.0030353377747023434,0.17373216493513763,0.005949322995095639
