,rel_mean,rel_mean,rel_mean,rel_max,rel_max,rel_max,rel_fin,rel_fin,rel_fin,abs_fin,abs_fin,abs_fin,mse_fin,mse_fin,mse_fin,rel_mean,rel_max,rel_fin,abs_fin,mse_fin
,mean,std,count,mean,std,count,mean,std,count,mean,std,count,mean,std,count,se,se,se,se,se
method,,,,,,,,,,,,,,,,,,,,
vanilla,0.020077721033245326,0.016087256780975907,1000,0.027970085142180325,0.03073307263526618,1000,0.02304895257949829,0.011542977964591639,1000,0.9643439031541348,0.48217058915837363,1000,0.0011349757376519847,0.0018460693658923519,1000,0.0005087237273187239,0.0009718650902283438,0.0003650210134924401,0.015247572824857508,5.837783914882591e-05
stiefel,0.02056581423431635,0.01495143284295392,1000,0.02817148993909359,0.028839452776542596,1000,0.02313678249437362,0.011165783075714607,1000,0.967226239591837,0.46445526257002845,1000,0.0011240523171945824,0.001663839782340144,1000,0.0004728058206678099,0.0009119835724674159,0.0003530930637861848,0.014687365009728398,5.261523373793656e-05
operator_norm,0.02210066392458975,0.016973423883476273,1000,0.03094671402964741,0.03306085388166735,1000,0.024869140117429196,0.011928052851279984,1000,1.0385242750644683,0.4955402862176459,1000,0.001292819614551263,0.0016001790072519414,1000,0.0005367467916328544,0.0010454759965608771,0.0003771981506091043,0.01567035976819506,5.06021032690323e-05
stoch_iso,0.023643858182244,0.016148723136097977,1000,0.032546762163750825,0.029702467229041588,1000,0.02696586581412703,0.012496220016230195,1000,1.1286827243864537,0.5248183116907952,1000,0.001512776868432411,0.0018017560950043207,1000,0.0005106674641352689,0.000939274485702816,0.0003951651739387369,0.01659621222707087,5.6976530483043795e-05
curvature,0.023647749387659133,0.01701645050786376,1000,0.03283828664664179,0.03133782936182083,1000,0.027288234796375037,0.01285635484576092,1000,1.1394349242150783,0.5327463397848385,1000,0.001544772252687835,0.0018697174518173471,1000,0.0005381074129637844,0.0009909891770905472,0.0004065536371994725,0.016846918488380675,5.912565728708945e-05
