,rel_mean,rel_mean,rel_mean,rel_max,rel_max,rel_max,rel_fin,rel_fin,rel_fin,abs_fin,abs_fin,abs_fin,mse_fin,mse_fin,mse_fin,rel_mean,rel_max,rel_fin,abs_fin,mse_fin
,mean,std,count,mean,std,count,mean,std,count,mean,std,count,mean,std,count,se,se,se,se,se
method,,,,,,,,,,,,,,,,,,,,
vanilla,0.018758019555360078,0.013173606352785043,1000,0.02588078697491437,0.027102007481269615,1000,0.02126736435201019,0.009674987835683609,1000,0.8889817802608013,0.40359170942491324,1000,0.0009306757682861643,0.0012063559896147477,1000,0.00041658601073264387,0.000857040728037352,0.00030594997895183097,0.012762690465435711,3.814832596169034e-05
stiefel,0.01970227000489831,0.01288132579414124,1000,0.027048743963241577,0.026754941778441094,1000,0.022257221373263747,0.010172194536929767,1000,0.9298749474287034,0.4220263530236205,1000,0.001018159725033911,0.0013566070903240687,1000,0.0004073432879216355,0.0008460655468506992,0.00032167303539019833,0.013345645081689292,4.289968295357829e-05
operator_norm,0.021749365369789303,0.01578605323878639,1000,0.030386565785855055,0.031203515791242687,1000,0.025239461419172583,0.011457275423269651,1000,1.0527501314282417,0.4747356344042561,1000,0.0013021790897619213,0.0015126540793621002,1000,0.000499198834992429,0.00098674180905358,0.00036231086117401835,0.015012458911624421,4.7834322027293364e-05
curvature,0.023395617130212487,0.016474110331209,1000,0.032637434979900716,0.03176789375588871,1000,0.027030900745652616,0.0120876691574989,1000,1.1241091027855874,0.4885835311925923,1000,0.001466891033211141,0.0015191777843653713,1000,0.0005209571107153133,0.0010045890073484942,0.0003822456614026511,0.015450367858165151,4.804061969322709e-05
stoch_iso,0.023900179971940817,0.015318823936181487,1000,0.0335678912717849,0.03055146046893246,1000,0.028067573596723377,0.012442895050594331,1000,1.1708187461793422,0.5174613056752012,1000,0.0015999169658898608,0.0016661636125383662,1000,0.00048442374713439357,0.0009661220092642248,0.00039347889046314154,0.0163635632693825,5.2688719701155186e-05
