,rel_mean,rel_mean,rel_mean,rel_max,rel_max,rel_max,rel_fin,rel_fin,rel_fin,abs_fin,abs_fin,abs_fin,mse_fin,mse_fin,mse_fin,rel_mean,rel_max,rel_fin,abs_fin,mse_fin
,mean,std,count,mean,std,count,mean,std,count,mean,std,count,mean,std,count,se,se,se,se,se
method,,,,,,,,,,,,,,,,,,,,
vanilla,0.020960218019783497,0.015381120304558252,1000,0.029157317915000022,0.030788918690504957,1000,0.024061781424097716,0.011161896763970457,1000,1.004215737760067,0.4597691435693886,1000,0.0011910405520975473,0.0015025942172365997,1000,0.0004863937312746682,0.000973631097557245,0.00035297016781809506,0.014539176915442258,4.751620125465492e-05
stiefel,0.021486899367533625,0.01490664381501413,1000,0.029988695248030127,0.02975881150407888,1000,0.02474990087840706,0.011393575969814008,1000,1.0332146719396114,0.4732734950822339,1000,0.0012610316109785344,0.0014759115972168338,1000,0.00047138946724306326,0.0009410562481251041,0.0003602965075877412,0.014966222006483575,4.667242272262225e-05
stoch_iso,0.023656275667250155,0.016438198125241395,1000,0.0332604743083939,0.031701121868262475,1000,0.027502814501523972,0.011983466037307199,1000,1.1482019080221653,0.49789650293303644,1000,0.0015293170335498871,0.0016795261058448324,1000,0.000519821467048726,0.001002477494862817,0.0003789504694116305,0.015744869883011013,5.311127884182707e-05
operator_norm,0.023859652136452497,0.01791947834798039,1000,0.03338560903724283,0.03286058938555294,1000,0.027674313380382957,0.01236325653889551,1000,1.155123195141554,0.5134822897806853,1000,0.001560263661929639,0.0018407194577013497,1000,0.0005666636606168937,0.0010391430771390024,0.00039096049959879905,0.016237735738655674,5.8208660197262326e-05
curvature,0.024599163920618592,0.017881384530679927,1000,0.03420961031969637,0.03277179949151343,1000,0.028380637027323245,0.013365392074812672,1000,1.1844150575101375,0.5587425884891409,1000,0.001674531360011315,0.0019479104132013852,1000,0.0005654590283424957,0.0010363352941553038,0.00042265080777571616,0.017668992053638644,6.159833583676098e-05
